,fit_time,score_time,test_roc_auc,train_roc_auc,test_f1,train_f1,test_balanced_accuracy,train_balanced_accuracy,model,subject,session,task,acquisition,run,processing,space,recording,split,description
0,0.9052853584289551,0.036707162857055664,0.760059612518629,0.9517126818650476,0.380952380952381,0.7155963302752292,0.6326378539493294,0.8162733417344483,CBLE,A02,,overt,,,ica,,,,
1,0.7911319732666016,0.03664207458496094,0.8852459016393442,0.9576125558483217,0.6,0.7222222222222223,0.7481371087928465,0.8179344713025547,CBLE,A02,,overt,,,ica,,,,
2,1.4588892459869385,0.03734946250915527,0.8861111111111111,0.9557337051237365,0.45454545454545453,0.7222222222222222,0.6666666666666666,0.8222377134890206,CBLE,A02,,overt,,,ica,,,,
3,1.3714466094970703,0.035533905029296875,0.8611111111111112,0.9599744394097827,0.45454545454545453,0.7610619469026548,0.6666666666666666,0.8556698036481933,CBLE,A02,,overt,,,ica,,,,
4,2.4748892784118652,0.0347745418548584,0.9277777777777777,0.956372719879168,0.4,0.7499999999999999,625,0.828860230045312,CBLE,A02,,overt,,,ica,,,,
5,1.354050636291504,0.036168575286865234,0.8666666666666667,0.9614067138616122,0.380952380952381,0.7339449541284404,0.6318181818181818,0.8266156656770953,CBLE,A02,,overt,,,ica,,,,
6,2.704744338989258,0.039197444915771484,0.7779433681073025,0.9578416771680605,0.5,0.7289719626168225,0.6944858420268256,0.8195956008706611,wCBLE,A02,,overt,,,ica,,,,
7,3.598785638809204,0.03602886199951172,0.886736214605067,0.95698247221904,0.631578947368421,0.7358490566037735,0.7563338301043219,0.8212567304387673,wCBLE,A02,,overt,,,ica,,,,
8,6.672826766967773,0.03746676445007324,0.911111111111111,0.9553270593702801,0.5,0.7407407407407408,0.6833333333333333,0.8326652724526549,wCBLE,A02,,overt,,,ica,,,,
9,3.6236050128936768,0.03667712211608887,0.8583333333333334,0.965551295457186,0.5217391304347826,0.7499999999999999,0.7083333333333333,0.828860230045312,wCBLE,A02,,overt,,,ica,,,,
10,3.245842456817627,0.03633999824523926,0.9152777777777777,0.9631114209364471,0.26666666666666666,0.7450980392156862,575,0.8217439293598234,wCBLE,A02,,overt,,,ica,,,,
11,4.42190146446228,0.03662610054016113,0.8636363636363636,0.9691710436172642,0.4210526315789474,0.7567567567567567,0.6484848484848484,0.8438570449874401,wCBLE,A02,,overt,,,ica,,,,
12,0.10437512397766113,0.01840662956237793,0.8926974664679582,0.98854393401306,0.6,0.8771929824561403,0.7481371087928465,0.9210677053499827,tLDA,A02,,overt,,,ica,,,,
13,0.06750655174255371,0.009722232818603516,0.9344262295081966,0.9893458586321457,0.7000000000000001,0.896551724137931,0.8017883755588673,0.9383090846603277,tLDA,A02,,overt,,,ica,,,,
14,0.10814857482910156,0.01564764976501465,0.9138888888888889,0.9889624724061811,375,0.8828828828828829,0.6166666666666667,0.9215464157081446,tLDA,A02,,overt,,,ica,,,,
15,0.08728742599487305,0.017228364944458008,0.8583333333333333,0.9904147786685256,0.4761904761904762,0.8965517241379309,675,0.944550946903683,tLDA,A02,,overt,,,ica,,,,
16,0.10744738578796387,0.015320062637329102,0.8666666666666667,0.991925177181364,375,0.9026548672566371,0.6166666666666667,0.9390902753572674,tLDA,A02,,overt,,,ica,,,,
17,0.10643410682678223,0.012090682983398438,0.8378787878787879,0.9924069422242521,0.3529411764705882,0.9310344827586207,0.6113636363636363,0.958894724823019,tLDA,A02,,overt,,,ica,,,,
18,1.6648945808410645,0.03706717491149902,0.6530303030303031,0.9453656057429642,0.3157894736842105,0.7173913043478259,0.5946969696969697,0.801219744615971,CBLE,A02,,covert,,,ica,,,,
19,1.204003095626831,0.03730916976928711,0.8183333333333334,0.9340940266866192,0.4210526315789474,0.6382978723404256,0.6583333333333333,0.760942760942761,CBLE,A02,,covert,,,ica,,,,
20,1.9098286628723145,0.03610420227050781,0.9400000000000001,0.9283576505798727,0.7058823529411764,0.6666666666666666,0.7916666666666666,0.7794612794612794,CBLE,A02,,covert,,,ica,,,,
21,1.5274529457092285,0.03431987762451172,0.8043143297380586,0.9278840065847791,0.47619047619047616,0.6382978723404255,0.6848998459167951,0.7645624920856021,CBLE,A02,,covert,,,ica,,,,
22,0.99198317527771,0.03628683090209961,0.7241910631741141,0.9502342661770291,0.26666666666666666,0.7142857142857142,0.573959938366718,0.8134101557553501,CBLE,A02,,covert,,,ica,,,,
23,1.7381761074066162,0.05460071563720703,0.8289676425269645,0.9407369887298974,0.4705882352941177,0.6597938144329897,0.6648690292758089,0.7817525642649107,CBLE,A02,,covert,,,ica,,,,
24,3.5792222023010254,0.03503775596618652,0.6833333333333333,0.9444126802617369,0.3157894736842105,0.7422680412371134,0.5946969696969697,0.8261546280414205,wCBLE,A02,,covert,,,ica,,,,
25,3.354112148284912,0.03404569625854492,0.8216666666666668,0.9092779648335204,0.4444444444444445,0.7216494845360826,0.6666666666666667,0.8106060606060606,wCBLE,A02,,covert,,,ica,,,,
26,4.61890435218811,0.036206722259521484,0.9566666666666666,0.9005486968449932,0.6666666666666666,0.6888888888888889,0.75,0.7786195286195285,wCBLE,A02,,covert,,,ica,,,,
27,2.9739413261413574,0.03649711608886719,0.7935285053929122,0.9243383563378498,0.5714285714285713,0.7032967032967034,0.7388289676425269,0.7918196783588705,wCBLE,A02,,covert,,,ica,,,,
28,3.0917561054229736,0.038045406341552734,0.699537750385208,0.9441560086108649,0.39999999999999997,0.7920792079207922,0.6278890600924499,0.8639356717740915,wCBLE,A02,,covert,,,ica,,,,
29,4.441528797149658,0.03623843193054199,0.827426810477658,0.9411168798277828,0.5000000000000001,0.6666666666666666,0.6733436055469955,0.7773521590477397,wCBLE,A02,,covert,,,ica,,,,
30,0.07685494422912598,0.018311262130737305,0.7181818181818183,0.9914871990343689,0.2222222222222222,875,0.5492424242424242,0.894542913410838,tLDA,A02,,covert,,,ica,,,,
31,0.09583616256713867,0.01835322380065918,0.8466666666666667,0.9925801222097518,0.588235294117647,0.845360824742268,0.7333333333333334,0.8762626262626263,tLDA,A02,,covert,,,ica,,,,
32,0.060428619384765625,0.009589433670043945,0.9483333333333334,0.9902107494700088,0.4615384615384615,0.8333333333333334,0.65,0.867003367003367,tLDA,A02,,covert,,,ica,,,,
33,0.0934610366821289,0.01758885383605957,0.7642526964560863,0.9903760921869064,0.37499999999999994,0.863157894736842,0.6194144838212634,0.8851146004811954,tLDA,A02,,covert,,,ica,,,,
34,0.1056063175201416,0.015702247619628906,0.6610169491525423,0.9880334304166138,0.16666666666666669,0.8421052631578947,0.5454545454545454,0.8740027858680512,tLDA,A02,,covert,,,ica,,,,
35,0.10022425651550293,0.01519465446472168,0.7288135593220338,0.9917057110295049,0.5333333333333333,0.865979381443299,0.6818181818181819,0.8928707103963531,tLDA,A02,,covert,,,ica,,,,
36,2.191218614578247,0.03987884521484375,0.8444444444444444,0.92906169250646,0.6666666666666665,0.7384615384615385,0.7782608695652173,0.818798449612403,CBLE,A02,,split,,,ica,,,,
37,1.5445866584777832,0.042916297912597656,0.7835748792270532,0.9329376614987079,0.5161290322580646,0.7874015748031497,0.7086956521739131,0.8399547803617571,CBLE,A02,,split,,,ica,,,,
38,1.3705756664276123,0.03829216957092285,0.7815734989648033,0.9361659764256133,0.22222222222222224,0.7794117647058825,0.556935817805383,0.8484788149092067,CBLE,A02,,split,,,ica,,,,
39,2.3549137115478516,0.03821611404418945,0.8561076604554865,0.9207151959222682,0.6086956521739131,0.7559055118110236,0.7355072463768115,0.8200461930551131,CBLE,A02,,split,,,ica,,,,
40,1.870147466659546,0.04059171676635742,0.8209109730848861,0.9301927365402993,0.64,0.7669172932330827,0.7639751552795031,0.8362336731443134,CBLE,A02,,split,,,ica,,,,
41,2.2009315490722656,0.03734636306762695,0.8166666666666667,0.935426731078905,0.5384615384615385,0.7596899224806201,0.7039215686274509,0.8286835748792271,CBLE,A02,,split,,,ica,,,,
42,5.508822679519653,0.0373234748840332,0.8241545893719807,0.9293846899224806,0.5,0.746031746031746,0.6898550724637681,0.8162144702842378,wCBLE,A02,,split,,,ica,,,,
43,5.590092897415161,0.03895378112792969,0.8038647342995169,0.9310400516795866,0.6206896551724138,736,0.763768115942029,0.8092700258397932,wCBLE,A02,,split,,,ica,,,,
44,5.122710943222046,0.04056739807128906,0.8033126293995859,0.9187639375597323,0.38095238095238093,0.7462686567164178,0.6211180124223603,0.8264773813316343,wCBLE,A02,,split,,,ica,,,,
45,5.042556524276733,0.03939247131347656,0.8385093167701863,0.9086492513539344,0.6086956521739131,0.7142857142857144,0.7355072463768115,0.7965912711054476,wCBLE,A02,,split,,,ica,,,,
46,4.263714790344238,0.042133331298828125,0.8043478260869564,0.9241000318572794,0.56,0.7692307692307693,0.7210144927536232,0.8322913348200063,wCBLE,A02,,split,,,ica,,,,
47,4.000617027282715,0.040622711181640625,0.85,0.9119967793880838,0.5833333333333334,0.7175572519083969,0.7186274509803922,0.8089975845410629,wCBLE,A02,,split,,,ica,,,,
48,0.08011674880981445,0.00967550277709961,0.83768115942029,0.9842135012919897,0.56,0.874074074074074,0.7115942028985507,0.9039082687338501,tLDA,A02,,split,,,ica,,,,
49,0.10161638259887695,0.018920421600341797,0.7874396135265701,0.9819928940568475,0.608695652173913,0.8857142857142858,0.7260869565217392,0.9218346253229974,tLDA,A02,,split,,,ica,,,,
50,0.10404801368713379,0.018293142318725586,0.8209109730848861,0.9827572475310609,0.23529411764705882,0.920863309352518,0.5641821946169773,0.9354491876393756,tLDA,A02,,split,,,ica,,,,
51,0.10715937614440918,0.01848459243774414,0.8436853002070394,0.9779388340235744,0.4799999999999999,0.8888888888888888,0.6780538302277432,0.908051927365403,tLDA,A02,,split,,,ica,,,,
52,0.10335254669189453,0.01840829849243164,0.8519668737060041,0.9817218859509398,0.4761904761904762,0.8507462686567165,0.6640786749482401,0.8845970054157375,tLDA,A02,,split,,,ica,,,,
53,0.10219407081604004,0.018445968627929688,0.8137254901960784,0.9856280193236715,0.5,0.8905109489051095,0.6779411764705883,0.9178140096618357,tLDA,A02,,split,,,ica,,,,
54,2.4701614379882812,0.033377647399902344,0.628099173553719,0.9178832116788321,0.14285714285714288,0.7045454545454546,0.5272727272727272,0.7889528354856822,CBLE,A03,,overt,,,ica,,,,
55,1.9874544143676758,0.03544330596923828,0.771900826446281,0.9204800673778776,0.3529411764705882,0.6206896551724139,0.6090909090909091,0.7450168444693992,CBLE,A03,,overt,,,ica,,,,
56,2.8988711833953857,0.035093069076538086,0.8236363636363637,0.9188816967359869,0.4210526315789474,0.6521739130434783,0.6545454545454545,0.7665955102602947,CBLE,A03,,overt,,,ica,,,,
57,1.4538841247558594,0.03464508056640625,0.6309090909090909,0.9298306018454758,0.0,0.6888888888888889,0.43636363636363634,0.7815039250791902,CBLE,A03,,overt,,,ica,,,,
58,1.0420000553131104,0.036499738693237305,0.5327272727272727,0.9314832667676629,0.16666666666666669,0.7045454545454545,0.5409090909090909,0.7851535601156865,CBLE,A03,,overt,,,ica,,,,
59,1.6216223239898682,0.033971309661865234,0.6683501683501684,0.9246853146853147,0.26666666666666666,0.7096774193548387,0.5723905723905723,0.8027622377622378,CBLE,A03,,overt,,,ica,,,,
60,3.578829526901245,0.03499102592468262,0.6925619834710743,0.901389668725435,0.14285714285714288,0.7252747252747251,0.5272727272727272,0.8063587871982032,wCBLE,A03,,overt,,,ica,,,,
61,4.907127857208252,0.03600764274597168,0.684297520661157,0.8936692869174621,0.0,0.6341463414634146,0.4636363636363636,0.7427007299270073,wCBLE,A03,,overt,,,ica,,,,
62,3.973191261291504,0.034200429916381836,0.8127272727272727,0.8949180553642749,0.4444444444444445,0.65,0.6636363636363636,0.7434582013496763,wCBLE,A03,,overt,,,ica,,,,
63,5.732961893081665,0.035141706466674805,0.6818181818181819,0.9094477344718358,0.22222222222222224,0.7252747252747254,0.5454545454545454,0.8021966671257402,wCBLE,A03,,overt,,,ica,,,,
64,4.844741344451904,0.03333902359008789,0.49272727272727274,0.9149566175457926,0.0,0.6521739130434783,0.4818181818181818,0.7665955102602947,wCBLE,A03,,overt,,,ica,,,,
65,4.300546407699585,0.033299922943115234,0.6936026936026936,0.8871328671328671,0.15384615384615385,0.6075949367088607,0.5361952861952862,0.7253146853146853,wCBLE,A03,,overt,,,ica,,,,
66,0.06362771987915039,0.017529726028442383,0.6859504132231405,0.9823133071308254,0.5000000000000001,0.836734693877551,0.6727272727272727,0.8851066816395283,tLDA,A03,,overt,,,ica,,,,
67,0.10408449172973633,0.017403602600097656,0.856198347107438,0.9832257158899496,0.37499999999999994,0.8222222222222223,0.6181818181818182,0.8539444132509826,tLDA,A03,,overt,,,ica,,,,
68,0.10739660263061523,0.017323970794677734,0.8163636363636363,0.977069274204655,0.37499999999999994,0.8085106382978724,0.6227272727272727,0.8530161134829912,tLDA,A03,,overt,,,ica,,,,
69,0.10613584518432617,0.01765727996826172,0.7999999999999999,0.9756231923977414,0.26666666666666666,0.8080808080808081,0.5727272727272728,0.8664095854565488,tLDA,A03,,overt,,,ica,,,,
70,0.10754585266113281,0.010111093521118164,0.48545454545454547,0.9808566313180003,0.16666666666666669,0.8723404255319149,0.5409090909090909,0.8867924528301887,tLDA,A03,,overt,,,ica,,,,
71,0.09051203727722168,0.017364025115966797,0.7777777777777778,0.9773426573426574,0.14285714285714288,0.8,0.5269360269360269,0.8562937062937063,tLDA,A03,,overt,,,ica,,,,
72,9.293469905853271,0.03483748435974121,0.4345454545454545,0.905862282878412,0.0,0.0,0.5,0.5,CBLE,A03,,covert,,,ica,,,,
73,4.314751625061035,0.03396487236022949,0.5660000000000001,0.8710438222763238,0.0,0.26229508196721313,0.5,0.5754716981132075,CBLE,A03,,covert,,,ica,,,,
74,1.3170678615570068,0.03502821922302246,0.52,0.8892270237370664,0.0,0.2033898305084746,0.49,0.5566037735849056,CBLE,A03,,covert,,,ica,,,,
75,4.349111080169678,0.035722970962524414,0.40599999999999997,0.8828362751065125,0.0,0.10714285714285715,0.5,0.5283018867924528,CBLE,A03,,covert,,,ica,,,,
76,3.6536223888397217,0.03187251091003418,0.6307977736549165,0.8832252085264134,0.0,0.1090909090909091,0.45918367346938777,0.5288461538461539,CBLE,A03,,covert,,,ica,,,,
77,2.537809133529663,0.031566619873046875,0.4100185528756958,0.8985171455050973,0.0,0.2622950819672132,0.47959183673469385,0.5749150447945628,CBLE,A03,,covert,,,ica,,,,
78,20.186928749084473,0.0344548225402832,0.401070,0.8244416873449132,0.0,0.0,0.5,0.5,wCBLE,A03,,covert,,,ica,,,,
79,9.295296430587769,0.032846927642822266,0.456328,0.8464698721850274,0.0,0.0,0.5,0.5,wCBLE,A03,,covert,,,ica,,,,
80,5.59074592590332,0.0325770378112793,0.502674,0.8575015216068168,0.0,0.13793103448275862,0.5,0.5357197200243458,wCBLE,A03,,covert,,,ica,,,,
81,9.265182733535767,0.03645038604736328,0.586538,0.8403834449178332,0.0,0.0,0.5,0.5,wCBLE,A03,,covert,,,ica,,,,
82,17.669663667678833,0.03380775451660156,0.537255,0.8626042632066728,0.0,0.0,0.5,0.5,wCBLE,A03,,covert,,,ica,,,,
83,20.57046103477478,0.034240007400512695,0.56078,0.8092369477911647,0.0,0.0,0.5,0.5,wCBLE,A03,,covert,,,ica,,,,
84,0.10946869850158691,0.019968271255493164,0.4218181818181818,0.9629342431761787,0.0,0.7608695652173914,0.46,0.8264578163771712,tLDA,A03,,covert,,,ica,,,,
85,0.07457375526428223,0.017403364181518555,0.5260,0.9557212416311625,0.0,0.6741573033707865,0.49,0.77092209373098,tLDA,A03,,covert,,,ica,,,,
86,0.11101865768432617,0.018973112106323242,0.5559999999999999,0.9557212416311626,125,0.7472527472527473,0.5,0.8126902008520998,tLDA,A03,,covert,,,ica,,,,
87,0.11037182807922363,0.018798112869262695,0.47,0.9585362142422399,0.0,0.6666666666666667,0.5,0.7689059646987219,tLDA,A03,,covert,,,ica,,,,
88,0.12118887901306152,0.020377635955810547,0.549165120593692,0.9639326536916899,0.0,0.7111111111111111,0.46938775510204084,0.7956441149212234,tLDA,A03,,covert,,,ica,,,,
89,0.10285377502441406,0.017280101776123047,0.47866419294990725,0.9559005251776336,0.14285714285714288,0.7391304347826088,0.5250463821892393,0.8148748841519926,tLDA,A03,,covert,,,ica,,,,
90,8.287698984146118,0.03976559638977051,0.7336734693877551,0.8878807801884725,0.0,0.0,0.5,0.5,CBLE,A03,,split,,,ica,,,,
91,3.965223550796509,0.03840041160583496,0.5677139761646803,0.8951082251082251,0.0,0.1142857142857143,0.5,0.5303030303030303,CBLE,A03,,split,,,ica,,,,
92,10.227560997009277,0.038297414779663086,0.6802197802197802,0.8873780540447207,0.0,0.0,0.5,0.5,CBLE,A03,,split,,,ica,,,,
93,4.233238220214844,0.038068294525146484,0.5450549450549451,0.8887162220495555,0.0,0.25974025974025977,0.4857142857142857,0.5743330743330743,CBLE,A03,,split,,,ica,,,,
94,14.69831895828247,0.0402524471282959,0.6472527472527473,0.8705430372097039,0.0,0.0,0.5,0.5,CBLE,A03,,split,,,ica,,,,
95,9.540949821472168,0.04238772392272949,0.49010989010989015,0.8964430631097298,0.0,0.1142857142857143,0.5,0.5303030303030303,CBLE,A03,,split,,,ica,,,,
96,30.40390419960022,0.04016399383544922,0.7163265306122448,0.8201183431952663,0.0,0.0,0.5,0.5,wCBLE,A03,,split,,,ica,,,,
97,18.014095067977905,0.038826704025268555,0.4561213434452871,0.8662770562770563,0.0,0.0,0.5,0.5,wCBLE,A03,,split,,,ica,,,,
98,29.239666223526,0.0408167839050293,0.654945054945055,0.8431321764655098,0.0,0.0,0.5,0.5,wCBLE,A03,,split,,,ica,,,,
99,30.98270893096924,0.04020547866821289,0.5461538461538462,0.8341535008201676,0.0,0.0,0.5,0.5,wCBLE,A03,,split,,,ica,,,,
100,23.81374168395996,0.0403897762298584,0.6703296703296704,0.8139514806181473,0.0,0.0,0.5,0.5,wCBLE,A03,,split,,,ica,,,,
101,21.760769844055176,0.040711164474487305,0.5747252747252748,0.8149011482344816,0.0,0.0,0.5,0.5,wCBLE,A03,,split,,,ica,,,,
102,0.12103152275085449,0.0165865421295166,0.7693877551020407,0.946175761560377,0.11764705882352941,0.594059405940594,0.5214285714285715,0.7222222222222222,tLDA,A03,,split,,,ica,,,,
103,0.10691213607788086,0.018110275268554688,0.5092091007583965,0.9423376623376624,0.0,0.7102803738317758,0.4859154929577465,0.7835930735930736,tLDA,A03,,split,,,ica,,,,
104,0.07838034629821777,0.009956121444702148,0.6054945054945056,0.9406889406889407,0.0,0.6842105263157896,0.4857142857142857,0.7826340326340326,tLDA,A03,,split,,,ica,,,,
105,0.1065223217010498,0.018402099609375,0.5879120879120879,0.9557972891306225,0.1111111111111111,0.6470588235294118,0.5098901098901099,0.7457264957264957,tLDA,A03,,split,,,ica,,,,
106,0.10303044319152832,0.01828145980834961,0.7593406593406593,0.9296814296814297,0.0,0.6019417475728156,0.4928571428571429,0.7263014763014763,tLDA,A03,,split,,,ica,,,,
107,0.11120367050170898,0.015301942825317383,0.5505494505494505,0.9530346197012863,0.2222222222222222,0.6666666666666665,0.5554945054945055,0.7641802641802642,tLDA,A03,,split,,,ica,,,,
108,0.9392685890197754,0.038231849670410156,0.7884012539184954,0.9637657504733304,0.2608695652173913,0.7378640776699028,0.5587774294670846,0.8377293203629954,CBLE,A04,,overt,,,ica,,,,
109,1.3818299770355225,0.07085418701171875,0.8652037617554859,0.9398054449304694,0.7000000000000001,0.6597938144329897,0.8009404388714734,0.7811255467780898,CBLE,A04,,overt,,,ica,,,,
110,1.1543819904327393,0.07872533798217773,0.7821316614420062,0.9550173010380623,0.2727272727272727,0.7010309278350515,0.567398119122257,0.8034536789188483,CBLE,A04,,overt,,,ica,,,,
111,1.0229778289794922,0.038196563720703125,0.8172413793103448,0.9407279251569909,0.33333333333333326,0.7128712871287127,0.6068965517241379,0.8143021914648212,CBLE,A04,,overt,,,ica,,,,
112,1.0319933891296387,0.0431361198425293,0.8275862068965517,0.9519415609381007,0.45454545454545453,0.7102803738317758,0.6896551724137931,0.8259002947584262,CBLE,A04,,overt,,,ica,,,,
113,2.5759172439575195,0.07288622856140137,0.8628389154704943,0.9497722836694861,0.28571428571428575,0.7111111111111112,0.5821371610845295,0.7932661027976577,CBLE,A04,,overt,,,ica,,,,
114,5.021437883377075,0.03659343719482422,0.780564263322884,0.9534504145720442,0.28571428571428564,0.6666666666666666,0.5760188087774294,0.782855650584318,wCBLE,A04,,overt,,,ica,,,,
115,5.314204454421997,0.034631967544555664,0.8260188087774293,0.9262910491610628,0.6086956521739131,0.673469387755102,0.7750783699059561,0.7905595090422406,wCBLE,A04,,overt,,,ica,,,,
116,3.9079432487487793,0.03753376007080078,0.7194357366771159,0.9511000848730169,0.2105263157894737,0.6666666666666666,0.5391849529780565,0.7948031598877064,wCBLE,A04,,overt,,,ica,,,,
117,3.5144295692443848,0.03677034378051758,0.7844827586206896,0.9247725233884404,0.25,0.5681818181818182,0.5655172413793104,0.7159105472254261,wCBLE,A04,,overt,,,ica,,,,
118,5.294378757476807,0.036837100982666016,0.7913793103448276,0.9432269639882096,0.5,0.6666666666666666,0.7068965517241379,0.7847943098808151,wCBLE,A04,,overt,,,ica,,,,
119,5.4365622997283936,0.03610420227050781,0.8947368421052632,0.9286271958360443,0.5555555555555556,0.68,0.7097288676236044,0.7983409238776837,wCBLE,A04,,overt,,,ica,,,,
120,0.15778684616088867,0.01776123046875,0.7413793103448275,0.9976496703009727,0.15384615384615385,0.88659793814433,0.536833855799373,0.9039302735522622,tLDA,A04,,overt,,,ica,,,,
121,0.1280834674835205,0.015786409378051758,0.9373040752351097,0.9913168375008161,0.7777777777777778,0.8571428571428572,0.8181818181818181,0.8910361036756544,tLDA,A04,,overt,,,ica,,,,
122,0.09908437728881836,0.015281438827514648,0.8683385579937304,0.9953646275380297,0.3529411764705882,875,0.6105015673981191,0.8944963112881112,tLDA,A04,,overt,,,ica,,,,
123,0.09939932823181152,0.018189191818237305,0.843103448275862,0.9908368576188645,0.4615384615384615,0.845360824742268,0.65,0.876169422017173,tLDA,A04,,overt,,,ica,,,,
124,0.10845518112182617,0.016896963119506836,0.8172413793103449,0.9956427015250544,0.16666666666666669,0.8888888888888888,0.5413793103448276,0.9056773036011789,tLDA,A04,,overt,,,ica,,,,
125,0.1152489185333252,0.01829814910888672,0.9633173843700159,0.9942094990240729,0.39999999999999997,0.9019607843137256,0.6275917065390749,0.92878985035784,tLDA,A04,,overt,,,ica,,,,
126,1.3243327140808105,0.03313398361206055,0.7340,0.9048186076049853,0.23529411764705882,0.588235294117647,0.55,0.7268794157339049,CBLE,A04,,covert,,,ica,,,,
127,1.4006712436676025,0.05910992622375488,0.7320,0.869254584424863,0.0,0.07547169811320754,0.5,0.5196078431372549,CBLE,A04,,covert,,,ica,,,,
128,1.7629241943359375,0.03269362449645996,0.6880,0.8823529411764706,0.18181818181818182,0.23728813559322037,0.55,0.5666031594824165,CBLE,A04,,covert,,,ica,,,,
129,3.759546995162964,0.03778219223022461,0.6141001855287569,0.8945967741935484,0.0,0.4,0.47959183673469385,0.6259677419354839,CBLE,A04,,covert,,,ica,,,,
130,1.893181562423706,0.06582880020141602,0.6938775510204082,0.9076533839342188,0.26666666666666666,0.6373626373626374,0.5693877551020409,0.7621363061353574,CBLE,A04,,covert,,,ica,,,,
131,1.8134593963623047,0.03404355049133301,0.5959183673469388,0.8986401012017711,0.0,0.4736842105263158,0.4897959183673469,0.6623576850094877,CBLE,A04,,covert,,,ica,,,,
132,6.731820344924927,0.04721999168395996,0.7740,0.8570294514566961,0.30769230769230765,0.5405405405405406,0.59,0.6900055568786219,wCBLE,A04,,covert,,,ica,,,,
133,7.246613025665283,0.047007083892822266,0.6699999999999999,0.8617131062951496,0.16666666666666669,0.2857142857142857,0.54,0.58216241962372,wCBLE,A04,,covert,,,ica,,,,
134,20.298992395401,0.03363752365112305,0.8220000000000001,0.8339287131856791,0.0,0.0,0.5,0.5,wCBLE,A04,,covert,,,ica,,,,
135,8.920851230621338,0.06490755081176758,0.6660482374768089,0.8490322580645162,0.16666666666666669,0.07547169811320754,0.5454545454545454,0.5179838709677419,wCBLE,A04,,covert,,,ica,,,,
136,4.996074914932251,0.03666520118713379,0.6632653061224489,0.8746837444655281,0.15384615384615383,0.6097560975609755,0.5295918367346939,0.7330012650221379,wCBLE,A04,,covert,,,ica,,,,
137,4.808727264404297,0.07451558113098145,0.5571428571428572,0.8679633143580013,0.0,0.5714285714285715,0.5,0.7076217583807717,wCBLE,A04,,covert,,,ica,,,,
138,0.09188461303710938,0.017951488494873047,0.6340,0.9731682146542827,0.15384615384615383,0.7294117647058823,0.53,0.7978486941335239,tLDA,A04,,covert,,,ica,,,,
139,0.08001255989074707,0.015351057052612305,0.7760,0.9677701039930141,0.37499999999999994,0.7415730337078651,0.62,0.8134079542748274,tLDA,A04,,covert,,,ica,,,,
140,0.08698487281799316,0.017589569091796875,0.7520,0.9724537588314679,0.30769230769230765,0.735632183908046,0.59,0.8056283242041755,tLDA,A04,,covert,,,ica,,,,
141,0.07709383964538574,0.012512922286987305,0.5102040816326532,0.9743548387096774,0.16666666666666669,0.7469879518072288,0.5454545454545454,0.8059677419354838,tLDA,A04,,covert,,,ica,,,,
142,0.07635021209716797,0.017487525939941406,0.5571428571428572,0.9748576850094877,0.0,0.738095238095238,0.47959183673469385,0.7998893105629348,tLDA,A04,,covert,,,ica,,,,
143,0.08748650550842285,0.01515340805053711,0.6428571428571429,0.9731973434535104,0.0,0.7555555555555555,0.4897959183673469,0.823252688172043,tLDA,A04,,covert,,,ica,,,,
144,1.6776199340820312,0.04073381423950195,0.8943014705882353,0.9070988009041107,0.6428571428571429,0.631578947368421,0.7591911764705883,0.7520783051756503,CBLE,A04,,split,,,ica,,,,
145,2.0837669372558594,0.0367124080657959,0.8198529411764706,0.9053748611270734,0.42424242424242425,0.6944444444444445,0.6452205882352942,0.7996015783626402,CBLE,A04,,split,,,ica,,,,
146,1.3367877006530762,0.03961896896362305,0.8411764705882353,0.8994402843960366,0.5625,0.6911764705882352,0.7411764705882353,0.7850578624914908,CBLE,A04,,split,,,ica,,,,
147,1.075040340423584,0.038037776947021484,0.7049019607843138,0.9214129037137887,0.30769230769230765,0.7412587412587412,0.5818627450980393,0.8220444746993419,CBLE,A04,,split,,,ica,,,,
148,1.8340411186218262,0.04300117492675781,0.8470588235294118,0.9063989108236896,0.5185185185185186,0.7083333333333333,0.6965686274509804,0.8047991831177672,CBLE,A04,,split,,,ica,,,,
149,1.2756528854370117,0.039368391036987305,0.7537313432835822,0.9190985485103133,0.43478260869565216,0.6713286713286714,0.6413246268656716,0.7852177234530175,CBLE,A04,,split,,,ica,,,,
150,5.599907636642456,0.040030717849731445,0.9071691176470589,0.8927326360954679,0.5925925925925926,0.6466165413533834,0.7279411764705883,0.7600467379228442,wCBLE,A04,,split,,,ica,,,,
151,7.274842977523804,0.039171457290649414,0.8253676470588236,0.8729647933187755,0.5454545454545455,0.6666666666666666,0.7224264705882353,0.7836647128682527,wCBLE,A04,,split,,,ica,,,,
152,5.067765474319458,0.0392153263092041,0.8,0.8800771499886544,0.47058823529411764,0.6717557251908397,0.6857843137254902,0.7687769457680962,wCBLE,A04,,split,,,ica,,,,
153,3.992279291152954,0.06411457061767578,0.7127450980392157,0.9197867029725437,0.22222222222222224,0.7310344827586206,0.5338235294117647,0.8190946221919673,wCBLE,A04,,split,,,ica,,,,
154,6.476739406585693,0.03898286819458008,0.7931372549019607,0.9042810679978822,0.4615384615384615,0.6956521739130435,0.6632352941176471,0.7899931926480599,wCBLE,A04,,split,,,ica,,,,
155,5.2987143993377686,0.037035226821899414,0.7555970149253731,0.9144766997708175,0.4166666666666667,0.6713286713286714,0.6338619402985075,0.7852177234530175,wCBLE,A04,,split,,,ica,,,,
156,0.07816147804260254,0.009732484817504883,0.8676470588235294,0.9582806573957016,0.4166666666666667,0.7794117647058822,0.6341911764705883,0.8353062866337202,tLDA,A04,,split,,,ica,,,,
157,0.09685206413269043,0.015790939331054688,0.9044117647058824,0.9694288012872083,0.5384615384615384,0.7851851851851852,0.6966911764705883,0.8367812128874076,tLDA,A04,,split,,,ica,,,,
158,0.1064920425415039,0.01540064811706543,0.8284313725490196,0.9675138037969897,0.5,0.7999999999999999,0.6779411764705883,0.8417290673927842,tLDA,A04,,split,,,ica,,,,
159,0.10621166229248047,0.015625,0.8088235294117647,0.9711065728764843,0.3,0.7913669064748202,0.5852941176470589,0.8437145450419787,tLDA,A04,,split,,,ica,,,,
160,0.10034346580505371,0.01522064208984375,0.807843137254902,0.970804023901369,0.5454545454545455,0.8085106382978723,0.6926470588235294,0.8565350578624915,tLDA,A04,,split,,,ica,,,,
161,0.10049009323120117,0.015128135681152344,0.8087686567164178,0.9737585943468295,0.5217391304347825,0.8142857142857143,0.6800373134328358,0.8613063407181054,tLDA,A04,,split,,,ica,,,,
162,1.225383996963501,0.03654050827026367,0.8365384615384616,0.9482928306457719,0.37499999999999994,0.6741573033707866,0.6211538461538462,0.7786736316148081,CBLE,A06,,overt,,,ica,,,,
163,0.8127841949462891,0.03545093536376953,0.873076923076923,0.947384359149065,0.3529411764705882,0.7391304347826086,0.6115384615384616,0.8198198198198199,CBLE,A06,,overt,,,ica,,,,
164,1.1011226177215576,0.03965878486633301,0.8115384615384615,0.9426148837913544,0.30769230769230765,0.6666666666666667,0.5903846153846154,0.7708002119766826,CBLE,A06,,overt,,,ica,,,,
165,2.6078543663024902,0.03506731986999512,0.8519230769230769,0.9467787114845938,0.5833333333333334,0.7142857142857144,0.7826923076923077,0.8199712317359376,CBLE,A06,,overt,,,ica,,,,
166,1.5775377750396729,0.03290295600891113,0.7384615384615385,0.9365584071466424,0.4285714285714285,0.6956521739130435,0.6403846153846153,0.796350972821561,CBLE,A06,,overt,,,ica,,,,
167,1.1323661804199219,0.03718113899230957,0.7112299465240641,0.9470000000000001,0.3157894736842105,0.7032967032967035,0.5873440285204992,0.8026923076923077,CBLE,A06,,overt,,,ica,,,,
168,4.401241064071655,0.0317234992980957,0.8480769230769231,0.9364827011885836,0.5,0.6947368421052633,0.7019230769230769,0.8022938905291847,wCBLE,A06,,overt,,,ica,,,,
169,3.282745361328125,0.03191637992858887,0.8615384615384616,0.9444318267847679,0.33333333333333326,0.7126436781609194,0.6019230769230769,0.7942690589749413,wCBLE,A06,,overt,,,ica,,,,
170,2.0230555534362793,0.03445100784301758,0.8173076923076923,0.9462487697781815,0.4285714285714285,0.7191011235955056,0.6403846153846153,0.8021424786130669,wCBLE,A06,,overt,,,ica,,,,
171,6.148493051528931,0.03377223014831543,0.8250000000000001,0.9515481868423045,0.6666666666666666,0.7216494845360826,0.8115384615384615,0.8219017336664396,wCBLE,A06,,overt,,,ica,,,,
172,4.061036825180054,0.03241610527038574,0.6826923076923077,0.9268680445151033,0.4285714285714285,0.7526881720430109,0.6403846153846153,0.8296237413884473,wCBLE,A06,,overt,,,ica,,,,
173,3.057154417037964,0.03198647499084473,0.6737967914438503,0.9404615384615385,0.2105263157894737,0.6808510638297872,0.5320855614973262,0.796923076923077,wCBLE,A06,,overt,,,ica,,,,
174,0.09468841552734375,0.01718735694885254,0.8846153846153846,0.9884169884169884,0.3529411764705882,0.8712871287128714,0.6115384615384616,0.9197895374365963,tLDA,A06,,overt,,,ica,,,,
175,0.09232544898986816,0.017353534698486328,0.9038461538461539,0.9907638731168142,0.47058823529411764,0.865979381443299,0.6711538461538462,0.9040426981603452,tLDA,A06,,overt,,,ica,,,,
176,0.0886068344116211,0.01703500747680664,0.8153846153846154,0.9877356347944584,0.16666666666666669,0.9,0.5403846153846154,0.9334544628662276,tLDA,A06,,overt,,,ica,,,,
177,0.09362339973449707,0.01755213737487793,0.9288461538461539,0.9866000454235748,0.6666666666666665,0.8823529411764706,0.7807692307692308,0.9295934590052237,tLDA,A06,,overt,,,ica,,,,
178,0.09507083892822266,0.017769575119018555,0.8769230769230769,0.9854644560526913,0.4,0.854368932038835,0.6307692307692307,0.9159285335755925,tLDA,A06,,overt,,,ica,,,,
179,0.09105348587036133,0.017402172088623047,0.7361853832442067,0.9890769230769231,0.4705882352941177,0.836734693877551,0.6622103386809269,0.8965384615384615,tLDA,A06,,overt,,,ica,,,,
180,1.532938003540039,0.03418159484863281,0.6724137931034483,0.9065743944636678,0.14285714285714288,0.5365853658536585,0.5282131661442007,0.6895081562036579,CBLE,A06,,covert,,,ica,,,,
181,2.386794090270996,0.03697490692138672,0.8150470219435736,0.9114557587740979,0.3076923076923077,0.32352941176470584,0.5909090909090909,0.5964841819080573,CBLE,A06,,covert,,,ica,,,,
182,2.1771440505981445,0.03735828399658203,0.6128526645768025,0.8927335640138409,0.28571428571428575,0.5060240963855422,0.5822884012539185,0.6771193771626298,CBLE,A06,,covert,,,ica,,,,
183,1.2856314182281494,0.03446531295776367,0.615987460815047,0.9154102817597627,0.0,475,0.4827586206896552,0.6609923381117153,CBLE,A06,,covert,,,ica,,,,
184,3.1441290378570557,0.033078908920288086,0.6739811912225705,0.8760504201680671,0.0,0.2222222222222222,0.5,0.5625,CBLE,A06,,covert,,,ica,,,,
185,3.4362151622772217,0.03531336784362793,0.6769005847953216,0.9150470219435737,0.0,0.4810126582278481,0.4824561403508772,0.6641065830721002,CBLE,A06,,covert,,,ica,,,,
186,3.722022533416748,0.03507876396179199,0.6739811912225705,0.8921156697973307,0.3076923076923077,0.4634146341463415,0.5909090909090909,0.6575321304992585,wCBLE,A06,,covert,,,ica,,,,
187,5.5805487632751465,0.03579521179199219,0.8181818181818181,0.847256549678695,0.5000000000000001,0.3661971830985915,0.6731974921630094,0.6126112209589718,wCBLE,A06,,covert,,,ica,,,,
188,5.0612733364105225,0.03326296806335449,0.6269592476489029,0.8819822046465645,0.15384615384615385,0.3380281690140845,0.536833855799373,0.601952545724172,wCBLE,A06,,covert,,,ica,,,,
189,4.447473764419556,0.03405499458312988,0.6865203761755485,0.8940311418685121,0.0,0.5176470588235293,0.4827586206896552,0.6843178447849728,wCBLE,A06,,covert,,,ica,,,,
190,4.501983880996704,0.036742210388183594,0.6598746081504703,0.8481833910034603,0.0,0.48,0.49137931034482757,0.6589841819080573,wCBLE,A06,,covert,,,ica,,,,
191,4.365267038345337,0.034319400787353516,0.7090643274853801,0.8919749216300941,0.26666666666666666,0.5121951219512196,0.5745614035087719,0.680564263322884,wCBLE,A06,,covert,,,ica,,,,
192,0.099853515625,0.017560958862304688,0.658307210031348,0.9641621354424122,0.14285714285714288,0.8163265306122449,0.5282131661442007,0.8536826495304004,tLDA,A06,,covert,,,ica,,,,
193,0.09098649024963379,0.01755833625793457,0.7617554858934169,0.9739248640632723,0.3076923076923077,0.7708333333333333,0.5909090909090909,0.8251668314384577,tLDA,A06,,covert,,,ica,,,,
194,0.09219479560852051,0.018003225326538086,0.6912225705329154,0.9620612951062778,0.28571428571428575,0.7450980392156864,0.5822884012539185,0.8254448838358873,tLDA,A06,,covert,,,ica,,,,
195,0.08944416046142578,0.017572879791259766,0.5626959247648904,0.9697849728126544,0.2222222222222222,0.8431372549019608,0.5478056426332288,0.8787382600098863,tLDA,A06,,covert,,,ica,,,,
196,0.06821584701538086,0.009361505508422852,0.6003134796238244,0.9618141374196738,0.0,0.7755102040816326,0.4224137931034483,0.8323652990608008,tLDA,A06,,covert,,,ica,,,,
197,0.09535670280456543,0.01735377311706543,0.7339181286549707,0.97423197492163,0.13333333333333333,0.7755102040816326,0.5241228070175439,0.8368338557993731,tLDA,A06,,covert,,,ica,,,,
198,2.42116379737854,0.04076814651489258,0.7193877551020408,0.9036746490503715,0.45454545454545453,0.6722689075630252,0.6571428571428571,0.7727085053674649,CBLE,A06,,split,,,ica,,,,
199,2.2723071575164795,0.03815650939941406,0.6724489795918367,0.9088356729975227,0.0,0.5137614678899083,0.4642857142857143,0.6841040462427745,CBLE,A06,,split,,,ica,,,,
200,3.438821315765381,0.03677034378051758,0.8478260869565218,0.894236311239193,0.4761904761904762,0.5050505050505051,0.6640786749482401,0.6728077398106217,CBLE,A06,,split,,,ica,,,,
201,3.1591029167175293,0.03841876983642578,0.6666666666666667,0.8941951420337588,0.23529411764705882,0.5294117647058824,0.5641821946169773,0.6856525319061342,CBLE,A06,,split,,,ica,,,,
202,1.600963830947876,0.03776812553405762,0.6438923395445134,0.9036640592836559,0.10526315789473682,0.6166666666666666,0.5067287784679089,0.7455537258130918,CBLE,A06,,split,,,ica,,,,
203,3.411949872970581,0.03987598419189453,0.6925465838509317,0.8956772334293948,0.2857142857142857,0.5660377358490566,0.5781573498964803,0.7056401811445039,CBLE,A06,,split,,,ica,,,,
204,7.24381685256958,0.0369715690612793,0.7163265306122449,0.8711808422791082,0.45454545454545453,0.45833333333333337,0.6571428571428571,0.651362510322048,wCBLE,A06,,split,,,ica,,,,
205,5.7067649364471436,0.04095649719238281,0.6724489795918367,0.8700660611065235,0.0,0.4693877551020408,0.4928571428571429,0.6570602807597027,wCBLE,A06,,split,,,ica,,,,
206,6.231389760971069,0.0376131534576416,0.860248447204969,0.8719226018937835,0.4210526315789473,0.45833333333333337,0.6356107660455487,0.6513791683820502,wCBLE,A06,,split,,,ica,,,,
207,6.12788200378418,0.038826704025268555,0.6873706004140787,0.8591189790037053,0.13333333333333333,0.35955056179775274,0.5357142857142857,0.6099629477151091,wCBLE,A06,,split,,,ica,,,,
208,6.989998817443848,0.03828024864196777,0.6625258799171844,0.8719637710992177,0.13333333333333333,0.39130434782608686,0.5357142857142857,0.6228077398106217,wCBLE,A06,,split,,,ica,,,,
209,11.276423692703247,0.03754568099975586,0.6552795031055901,0.8578839028406753,0.21052631578947364,0.4130434782608695,0.5496894409937888,0.6313915191436805,wCBLE,A06,,split,,,ica,,,,
210,0.09122776985168457,0.022769689559936523,0.7908163265306123,0.966391412056152,0.21052631578947364,0.8159999999999998,0.55,0.858505367464905,tLDA,A06,,split,,,ica,,,,
211,0.11774778366088867,0.021838665008544922,0.7948979591836735,0.9684145334434351,0.21052631578947364,0.7804878048780488,0.55,0.8356317093311313,tLDA,A06,,split,,,ica,,,,
212,0.078155517578125,0.0198361873626709,0.8343685300207039,0.9708933717579251,0.38095238095238093,0.7839999999999999,0.6211180124223603,0.8413544668587896,tLDA,A06,,split,,,ica,,,,
213,0.11108565330505371,0.017989158630371094,0.7287784679089027,0.9759983532317826,0.38095238095238093,0.8064516129032259,0.6211180124223603,0.8513791683820502,tLDA,A06,,split,,,ica,,,,
214,0.11224555969238281,0.017498493194580078,0.7412008281573499,0.9737752161383286,0.11764705882352941,0.8091603053435115,0.5212215320910973,0.8670440510498147,tLDA,A06,,split,,,ica,,,,
215,0.11988043785095215,0.019134998321533203,0.7018633540372671,0.9721284479209551,0.2,0.7479674796747967,0.5424430641821946,0.8184849732400165,tLDA,A06,,split,,,ica,,,,
216,0.9784238338470459,0.03681612014770508,0.6825885978428351,0.9427796610169492,0.12500000000000003,0.7708333333333333,0.5115562403697996,0.8547457627118644,CBLE,A07,,overt,,,ica,,,,
217,1.2521240711212158,0.03581094741821289,0.7762711864406779,0.9432369557992689,0.41666666666666663,0.7291666666666667,0.673728813559322,0.8261881023595878,CBLE,A07,,overt,,,ica,,,,
218,0.8643777370452881,0.03380918502807617,0.7627118644067796,0.9403123961448986,0.37499999999999994,0.7346938775510204,0.6245762711864407,0.8342971086739781,CBLE,A07,,overt,,,ica,,,,
219,2.099653482437134,0.034212589263916016,0.864406779661017,0.9411764705882353,0.5,0.712871287128713,0.7076271186440678,0.8292123629112662,CBLE,A07,,overt,,,ica,,,,
220,1.1832983493804932,0.03457021713256836,0.876271186440678,0.9403123961448987,0.4285714285714285,0.6823529411764706,0.6415254237288136,0.7758391492190096,CBLE,A07,,overt,,,ica,,,,
221,1.220170021057129,0.03445076942443848,0.8305084745762712,0.9464273845131274,0.37499999999999994,0.7291666666666667,0.6245762711864407,0.8261881023595878,CBLE,A07,,overt,,,ica,,,,
222,2.4236249923706055,0.034482479095458984,0.6841294298921418,0.9427118644067798,0.25000000000000006,0.7789473684210526,0.5654853620955316,0.8564406779661017,wCBLE,A07,,overt,,,ica,,,,
223,5.576947927474976,0.03341531753540039,0.823728813559322,0.936922565636424,0.45454545454545453,0.7272727272727273,0.6906779661016949,0.805250913924892,wCBLE,A07,,overt,,,ica,,,,
224,5.104915142059326,0.033967018127441406,0.7830508474576271,0.9312063808574277,0.47058823529411764,0.6947368421052633,0.6745762711864407,0.8048853439680957,wCBLE,A07,,overt,,,ica,,,,
225,3.3317954540252686,0.03839993476867676,0.8406779661016949,0.923695579926886,0.4444444444444445,0.7157894736842105,0.6661016949152543,0.8163841807909604,wCBLE,A07,,overt,,,ica,,,,
226,2.0667831897735596,0.03726625442504883,0.8576271186440678,0.9314057826520439,0.4285714285714285,0.7272727272727273,0.6415254237288136,0.805250913924892,wCBLE,A07,,overt,,,ica,,,,
227,3.0775833129882812,0.034168243408203125,0.7661016949152541,0.9423728813559321,0.37499999999999994,0.717391304347826,0.6245762711864407,0.8099700897308075,wCBLE,A07,,overt,,,ica,,,,
228,0.09716296195983887,0.01973438262939453,0.7303543913713405,0.9883389830508474,0.37499999999999994,0.9,0.6194144838212634,0.9415254237288135,tLDA,A07,,overt,,,ica,,,,
229,0.08448910713195801,0.015151500701904297,0.9,0.9881688268527751,0.15384615384615383,0.8749999999999999,0.5330508474576271,0.9066799601196411,tLDA,A07,,overt,,,ica,,,,
230,0.09304213523864746,0.017895936965942383,0.871186440677966,0.9820538384845464,0.47058823529411764,0.8686868686868686,0.6745762711864407,0.913094051179794,tLDA,A07,,overt,,,ica,,,,
231,0.09725165367126465,0.01753067970275879,0.8898305084745763,0.9896975739448322,0.47058823529411764,0.8842105263157896,0.6745762711864407,0.9083748753738783,tLDA,A07,,overt,,,ica,,,,
232,0.08069610595703125,0.015174388885498047,0.8745762711864407,0.9838484546360917,0.4285714285714285,0.8910891089108911,0.6415254237288136,0.9327018943170489,tLDA,A07,,overt,,,ica,,,,
233,0.08677554130554199,0.017057418823242188,0.8135593220338984,0.9907610501827849,0.6666666666666666,0.8571428571428571,0.75,0.9032901296111665,tLDA,A07,,overt,,,ica,,,,
234,4.791562557220459,0.03675365447998047,0.6581196581196581,0.8879622186495176,0.25,325,0.568986568986569,0.596739348874598,CBLE,A07,,covert,,,ica,,,,
235,5.041776180267334,0.03475046157836914,0.611111111111111,0.8960672767746722,0.15384615384615385,0.40476190476190477,0.5416666666666666,0.6275537966856295,CBLE,A07,,covert,,,ica,,,,
236,5.328312873840332,0.037375450134277344,0.5632754342431762,0.9011418269230768,0.0,0.35443037974683544,0.5,0.6077724358974359,CBLE,A07,,covert,,,ica,,,,
237,4.367526054382324,0.03554964065551758,0.6761786600496278,0.8923277243589743,0.0,0.358974358974359,0.5,0.609375,CBLE,A07,,covert,,,ica,,,,
238,5.827117204666138,0.03810596466064453,0.47518610421836227,0.9066005608974359,0.1,0.5567010309278351,0.49007444168734493,0.7013221153846154,CBLE,A07,,covert,,,ica,,,,
239,4.212199687957764,0.03817272186279297,0.5607940446650125,0.8942307692307692,0.0,0.35,0.5,0.6061698717948718,CBLE,A07,,covert,,,ica,,,,
240,6.228832721710205,0.03725433349609375,0.6507936507936508,0.8756531350482315,0.2608695652173913,0.5490196078431372,0.5598290598290598,0.7026728295819935,wCBLE,A07,,covert,,,ica,,,,
241,6.105857849121094,0.03582644462585449,0.6124338624338624,0.8668315607222359,0.25,0.4523809523809524,0.5674603174603174,0.6461538461538462,wCBLE,A07,,covert,,,ica,,,,
242,8.339444875717163,0.03626203536987305,0.5794044665012408,0.8528145032051282,0.0,0.2222222222222222,0.5,0.5625,wCBLE,A07,,covert,,,ica,,,,
243,7.102672100067139,0.03874349594116211,0.674937965260546,0.8414963942307692,0.0,0.3037974683544304,0.5,0.5889423076923077,wCBLE,A07,,covert,,,ica,,,,
244,5.4346983432769775,0.03914761543273926,0.45905707196029777,0.8766025641025641,125,0.5360824742268041,0.5223325062034739,0.6919070512820513,wCBLE,A07,,covert,,,ica,,,,
245,9.575825691223145,0.038056135177612305,0.5794044665012407,0.8686899038461539,0.0,0.24324324324324326,0.49193548387096775,0.5687099358974359,wCBLE,A07,,covert,,,ica,,,,
246,0.08736276626586914,0.017531156539916992,0.5921855921855922,0.9575462218649518,0.4,0.7796610169491525,0.63003663003663,0.8465132636655949,tLDA,A07,,covert,,,ica,,,,
247,0.08466720581054688,0.010592937469482422,0.5833333333333333,0.9639871382636656,125,0.793388429752066,0.5178571428571428,0.8563690328963641,tLDA,A07,,covert,,,ica,,,,
248,0.0688924789428711,0.01776576042175293,0.7196029776674938,0.954326923076923,0.0,0.8,0.49193548387096775,0.8513621794871795,tLDA,A07,,covert,,,ica,,,,
249,0.11692500114440918,0.017870187759399414,0.6761786600496278,0.9576322115384616,0.21052631578947367,0.7863247863247864,0.5446650124069479,0.8481570512820513,tLDA,A07,,covert,,,ica,,,,
250,0.11393594741821289,0.01781320571899414,0.5707196029776676,0.9782151442307692,125,0.8173913043478261,0.5223325062034739,0.8607772435897436,tLDA,A07,,covert,,,ica,,,,
251,0.13427114486694336,0.01869058609008789,0.5930521091811414,0.9713040865384616,0.2222222222222222,0.7796610169491525,0.5527295285359801,0.8465544871794872,tLDA,A07,,covert,,,ica,,,,
252,7.177659511566162,0.036798954010009766,0.778743961352657,0.9003878342518882,125,0.20253164556962025,0.5333333333333333,0.5563380281690141,CBLE,A07,,split,,,ica,,,,
253,3.9672605991363525,0.04089021682739258,0.7159420289855073,0.914676464584609,0.0,0.17948717948717946,0.4927536231884058,0.5492957746478874,CBLE,A07,,split,,,ica,,,,
254,7.2336249351501465,0.03962445259094238,0.7836438923395446,0.8890499194847021,0.0,0.1518987341772152,0.4927536231884058,0.5402173913043479,CBLE,A07,,split,,,ica,,,,
255,3.7952802181243896,0.03792595863342285,0.7287784679089028,0.9002818035426731,0.0,0.3555555555555555,0.4855072463768116,0.6082125603864734,CBLE,A07,,split,,,ica,,,,
256,4.245267868041992,0.04030871391296387,0.684265010351967,0.90414653784219,0.09523809523809523,0.5862068965517242,0.49223602484472045,0.7216183574879227,CBLE,A07,,split,,,ica,,,,
257,6.369200706481934,0.039694786071777344,0.6511387163561076,0.9067230273752013,0.0,0.5272727272727273,0.4855072463768116,0.6883454106280193,CBLE,A07,,split,,,ica,,,,
258,10.649205684661865,0.03913235664367676,0.7072463768115942,0.8507450500102063,0.0,0.4166666666666667,0.4492753623188406,0.633598693610941,wCBLE,A07,,split,,,ica,,,,
259,6.103153228759766,0.03801226615905762,0.7729468599033816,0.8722596448254746,0.0,0.05479452054794521,0.5,0.5140845070422535,wCBLE,A07,,split,,,ica,,,,
260,16.167755842208862,0.04112529754638672,0.7039337474120083,0.8590177133655396,0.0,0.05405405405405406,0.5,0.5138888888888888,wCBLE,A07,,split,,,ica,,,,
261,4.866832971572876,0.03937578201293945,0.7929606625258799,0.8540660225442833,0.21052631578947364,0.4631578947368421,0.5496894409937888,0.6513285024154589,wCBLE,A07,,split,,,ica,,,,
262,5.796680212020874,0.03740096092224121,0.6356107660455487,0.8788244766505636,0.16666666666666666,0.5765765765765766,0.5134575569358178,0.7120772946859903,wCBLE,A07,,split,,,ica,,,,
263,6.174328088760376,0.04115581512451172,0.5993788819875776,0.8905797101449275,0.09523809523809523,592,0.49223602484472045,0.733756038647343,wCBLE,A07,,split,,,ica,,,,
264,0.10504508018493652,0.018390178680419922,0.8473429951690821,0.9570932843437436,0.33333333333333337,0.7603305785123967,0.5971014492753624,0.8181465605225556,tLDA,A07,,split,,,ica,,,,
265,0.11211633682250977,0.018767356872558594,0.8144927536231884,0.954031434986732,0.4545454545454545,0.7967479674796748,0.6521739130434783,0.8407225964482548,tLDA,A07,,split,,,ica,,,,
266,0.13006305694580078,0.01797199249267578,0.7681159420289855,0.9555555555555555,0.36363636363636365,0.7559055118110236,0.6138716356107661,0.8231884057971015,tLDA,A07,,split,,,ica,,,,
267,0.11947250366210938,0.022277116775512695,0.6697722567287785,0.965096618357488,0.4,0.796875,0.6283643892339544,0.8469202898550725,tLDA,A07,,split,,,ica,,,,
268,0.10747075080871582,0.019244670867919922,0.7318840579710146,0.9647745571658615,0.3333333333333333,0.8125000000000001,0.599896480331263,0.8553140096618357,tLDA,A07,,split,,,ica,,,,
269,0.1144571304321289,0.016089439392089844,0.5848861283643892,0.9690821256038648,0.3157894736842105,0.8217054263565892,0.5926501035196687,0.8622584541062802,tLDA,A07,,split,,,ica,,,,
270,4.507418394088745,0.03428220748901367,0.8920765027322404,0.9350468331846565,0.4761904761904762,0.7142857142857143,0.6755464480874317,0.8176014719000892,CBLE,A08,,overt,,,ica,,,,
271,3.876833915710449,0.03668069839477539,0.8387978142076502,0.9445807314897413,0.5384615384615384,0.7058823529411764,0.7342896174863388,0.793571587867975,CBLE,A08,,overt,,,ica,,,,
272,1.0854318141937256,0.03508448600769043,0.7718579234972678,0.946364852809991,0.28571428571428575,0.7192982456140351,0.5758196721311475,0.8244313113291704,CBLE,A08,,overt,,,ica,,,,
273,1.2005422115325928,0.03795027732849121,0.9398907103825136,0.9325936663693132,0.4,0.7047619047619047,625,0.798756690454951,CBLE,A08,,overt,,,ica,,,,
274,1.6067168712615967,0.03773808479309082,0.7013888888888888,0.9495415393164768,0.23529411764705882,0.7387387387387386,0.5583333333333333,0.8294248402333981,CBLE,A08,,overt,,,ica,,,,
275,6.407800197601318,0.03634047508239746,0.8122205663189269,0.9379934210526316,0.5714285714285713,0.7130434782608696,0.739940387481371,0.818640350877193,CBLE,A08,,overt,,,ica,,,,
276,4.120894193649292,0.03583407402038574,0.912568306010929,0.938113291703836,0.6956521739130435,0.75,0.8087431693989071,0.8378400981266726,wCBLE,A08,,overt,,,ica,,,,
277,5.486609220504761,0.03756070137023926,0.8387978142076502,0.9587421944692239,0.45454545454545453,0.7307692307692307,0.6673497267759563,0.8105207404103478,wCBLE,A08,,overt,,,ica,,,,
278,3.341524600982666,0.03882431983947754,0.8456284153005464,0.9491525423728815,0.4210526315789474,0.7289719626168225,0.6420765027322404,0.8157058429973238,wCBLE,A08,,overt,,,ica,,,,
279,3.5000436305999756,0.03840303421020508,0.9658469945355191,0.9362176628010704,0.4,0.6930693069306931,625,0.7850970115967886,wCBLE,A08,,overt,,,ica,,,,
280,3.4982919692993164,0.0353541374206543,0.6902777777777778,0.9594887468741317,0.3333333333333333,0.7678571428571428,0.6,0.848013337038066,wCBLE,A08,,overt,,,ica,,,,
281,3.300626754760742,0.03746533393859863,0.8986587183308494,0.9452850877192982,0.6666666666666666,0.743801652892562,0.793591654247392,0.8486842105263157,wCBLE,A08,,overt,,,ica,,,,
282,0.10549569129943848,0.01739192008972168,0.9426229508196722,0.9870651204281892,0.8571428571428571,0.8623853211009174,875,0.8933708742194469,tLDA,A08,,overt,,,ica,,,,
283,0.10944747924804688,0.01759481430053711,0.9193989071038251,0.9943688670829617,0.7272727272727272,0.8703703703703702,0.8169398907103824,0.8950156110615521,tLDA,A08,,overt,,,ica,,,,
284,0.0907588005065918,0.0173494815826416,0.8237704918032787,0.99314228367529,0.5,0.8828828828828829,0.6666666666666666,0.9103200267618199,tLDA,A08,,overt,,,ica,,,,
285,0.10113978385925293,0.017088890075683594,0.8893442622950819,0.9878456735057983,0.5,0.8727272727272728,0.6666666666666666,0.9018454504906335,tLDA,A08,,overt,,,ica,,,,
286,0.09740614891052246,0.017638444900512695,0.8055555555555556,0.9942761878299529,0.25,0.909090909090909,0.5666666666666667,0.922089469297027,tLDA,A08,,overt,,,ica,,,,
287,0.09796762466430664,0.017810344696044922,0.9552906110283159,0.9901315789473685,0.7777777777777778,0.882882882882883,0.8181818181818181,0.9050438596491228,tLDA,A08,,overt,,,ica,,,,
288,0.6944198608398438,0.02880573272705078,0.5548780487804879,0.9649846891226201,125,0.7352941176470588,0.4771341463414634,0.8230595127146851,CBLE,A08,,covert,,,ica,,,,
289,1.126957893371582,0.027484655380249023,0.8048780487804879,0.933367902514908,0.6153846153846153,0.6875,0.7613240418118467,0.7796214674617579,CBLE,A08,,covert,,,ica,,,,
290,0.46343231201171875,0.02820277214050293,0.7142857142857142,0.9402385273528648,0.0,0.6562500000000001,0.4634146341463415,0.7640005185377237,CBLE,A08,,covert,,,ica,,,,
291,1.0495140552520752,0.028360366821289062,0.8606271777003485,0.9366087632875293,0.25,0.6153846153846153,0.5714285714285714,0.7459165154264973,CBLE,A08,,covert,,,ica,,,,
292,1.596022129058838,0.030726194381713867,0.671875,0.9230259671436142,0.18181818181818182,0.676923076923077,0.5375,0.7825914149443561,CBLE,A08,,covert,,,ica,,,,
293,1.0361459255218506,0.02870011329650879,0.58125,0.9475357710651828,0.0,0.7042253521126761,475,0.815779014308426,CBLE,A08,,covert,,,ica,,,,
294,3.205388069152832,0.02929377555847168,0.5853658536585366,0.9637864465450672,0.14285714285714288,0.7076923076923075,0.5015243902439024,0.7984955398748502,wCBLE,A08,,covert,,,ica,,,,
295,2.428696632385254,0.028289318084716797,0.7700348432055749,0.9402385273528648,0.5454545454545454,0.6969696969696969,0.7020905923344948,0.7903163080114078,wCBLE,A08,,covert,,,ica,,,,
296,2.605746030807495,0.03003406524658203,0.7038327526132404,0.934145709100337,0.16666666666666666,0.6885245901639344,0.5226480836236934,0.7713896810993,wCBLE,A08,,covert,,,ica,,,,
297,2.007437229156494,0.0282137393951416,0.9024390243902438,0.9183303085299456,0.4444444444444445,0.6,0.6428571428571428,0.7269898885143894,wCBLE,A08,,covert,,,ica,,,,
298,2.0585737228393555,0.028802156448364258,0.5874999999999999,0.9215686274509804,0.15384615384615385,0.7741935483870968,0.5125,0.8218733439321675,wCBLE,A08,,covert,,,ica,,,,
299,2.322916030883789,0.0285794734954834,0.646875,0.9478007419183889,0.0,0.7272727272727273,475,0.8120694223635401,wCBLE,A08,,covert,,,ica,,,,
300,0.09983229637145996,0.018442869186401367,0.6341463414634146,0.9974703767807216,0.0,0.9142857142857143,0.4634146341463415,0.9299693782452403,tLDA,A08,,covert,,,ica,,,,
301,0.08636260032653809,0.01715087890625,0.7560975609756098,0.981203007518797,0.5454545454545454,0.8857142857142857,0.7020905923344948,0.9054316826549131,tLDA,A08,,covert,,,ica,,,,
302,0.09916830062866211,0.010423421859741211,0.5993031358885017,0.9955924293492351,0.0,0.9014084507042254,0.4878048780487805,0.9185895773917552,tLDA,A08,,covert,,,ica,,,,
303,0.08412456512451172,0.014385700225830078,0.9268292682926829,0.9822400829660358,0.22222222222222224,0.8732394366197183,0.5592334494773519,0.902968628467721,tLDA,A08,,covert,,,ica,,,,
304,0.06569957733154297,0.010789632797241211,0.715625,0.9776099629040806,0.2222222222222222,0.9014084507042254,0.5625,0.9275304716481187,tLDA,A08,,covert,,,ica,,,,
305,0.08516645431518555,0.014416933059692383,0.70625,0.9932432432432432,0.0,0.888888888888889,0.5,0.9250794912559619,tLDA,A08,,covert,,,ica,,,,
306,3.797762393951416,0.03964972496032715,0.7571428571428571,0.8926311492141255,0.4,0.6055045871559632,0.6285714285714286,0.7251479893855889,CBLE,A08,,split,,,ica,,,,
307,3.1320419311523438,0.03922152519226074,0.7256038647342995,0.9089182493806771,0.3448275862068965,0.5740740740740741,0.6014492753623188,0.7113129644921552,CBLE,A08,,split,,,ica,,,,
308,1.8861615657806396,0.03771209716796875,0.6821946169772257,0.8936334771635593,0.0,0.5555555555555556,0.4927536231884058,0.7011519986973866,CBLE,A08,,split,,,ica,,,,
309,4.121562480926514,0.03943896293640137,0.7308488612836439,0.892656517137507,0.2857142857142857,0.5825242718446602,0.5781573498964803,0.7083774322233982,CBLE,A08,,split,,,ica,,,,
310,2.6758553981781006,0.03793144226074219,0.7577639751552796,0.8929007571440202,0.4444444444444445,0.5486725663716815,0.6635610766045549,0.7024139053977041,CBLE,A08,,split,,,ica,,,,
311,2.022233247756958,0.0380244255065918,0.751552795031056,0.8856956769518847,0.13333333333333333,0.4742268041237113,0.5357142857142857,0.6576365708703086,CBLE,A08,,split,,,ica,,,,
312,4.824906826019287,0.03904223442077637,0.7612244897959184,0.8739334558073075,0.3,0.6126126126126126,0.5857142857142857,0.7307409675443968,wCBLE,A08,,split,,,ica,,,,
313,5.085481405258179,0.03921389579772949,0.7381642512077294,0.8999174236168457,0.3478260869565218,0.638655462184874,0.6043478260869565,0.7555326176713459,wCBLE,A08,,split,,,ica,,,,
314,6.068478345870972,0.03690290451049805,0.6480331262939958,0.8945290238541073,0.0,0.5849056603773585,0.47101449275362317,0.7125295123341203,wCBLE,A08,,split,,,ica,,,,
315,3.6587984561920166,0.03783130645751953,0.7991718426501035,0.8806073434828624,0.3157894736842105,0.5925925925925926,0.5926501035196687,0.7181266791500448,wCBLE,A08,,split,,,ica,,,,
316,11.552351713180542,0.039345741271972656,0.7732919254658386,0.8758853700236099,0.43478260869565216,0.5818181818181818,0.6495859213250518,0.7152365057396401,wCBLE,A08,,split,,,ica,,,,
317,5.678281784057617,0.03916811943054199,0.7277432712215322,0.8622893429943825,125,0.4705882352941177,0.5284679089026916,0.6588984775706261,wCBLE,A08,,split,,,ica,,,,
318,0.12720036506652832,0.018176794052124023,0.7816326530612245,0.9678301694223311,0.4761904761904762,0.787878787878788,0.6642857142857143,0.853153704837722,tLDA,A08,,split,,,ica,,,,
319,0.08948135375976562,0.010487556457519531,0.7652173913043478,0.9683319570602807,0.4166666666666667,0.7777777777777777,0.6376811594202898,0.8398843930635838,tLDA,A08,,split,,,ica,,,,
320,0.12458968162536621,0.02014446258544922,0.6997929606625259,0.9605552389481398,0.23529411764705882,0.7751937984496124,0.5641821946169773,0.8405519824147195,tLDA,A08,,split,,,ica,,,,
321,0.11858630180358887,0.019546031951904297,0.7681159420289856,0.9728079459415453,0.22222222222222224,0.7669172932330828,0.556935817805383,0.8432589758202393,tLDA,A08,,split,,,ica,,,,
322,0.1254408359527588,0.017911434173583984,0.7608695652173914,0.9666612391109664,0.4,0.7692307692307692,0.6350931677018633,0.8391068957095171,tLDA,A08,,split,,,ica,,,,
323,0.08458948135375977,0.01761794090270996,0.7039337474120083,0.9681266791500447,0.3157894736842105,0.7936507936507936,0.5926501035196687,0.8448872425303264,tLDA,A08,,split,,,ica,,,,
324,2.099229574203491,0.03468155860900879,0.9680555555555556,0.9629090909090909,0.8,0.7572815533980584,0.8333333333333333,0.8395454545454546,CBLE,A09,,overt,,,ica,,,,
325,1.3968720436096191,0.035741329193115234,0.9045454545454545,0.958452380952381,0.5454545454545454,0.8037383177570093,0.731060606060606,0.8705952380952382,CBLE,A09,,overt,,,ica,,,,
326,0.6561498641967773,0.034281253814697266,0.8939393939393939,0.9646428571428571,0.28571428571428575,0.8076923076923077,0.5825757575757575,865,CBLE,A09,,overt,,,ica,,,,
327,0.8597440719604492,0.03409838676452637,0.9363636363636363,0.96125,0.6363636363636364,0.7676767676767676,0.7848484848484849,0.8309523809523809,CBLE,A09,,overt,,,ica,,,,
328,1.1059801578521729,0.03509879112243652,0.8893939393939394,0.9698214285714286,0.5882352941176471,0.8037383177570093,0.7189393939393939,0.8705952380952382,CBLE,A09,,overt,,,ica,,,,
329,1.4779722690582275,0.06832313537597656,0.7651515151515151,0.9623809523809523,0.39999999999999997,0.8155339805825244,0.6401515151515151,0.8666666666666667,CBLE,A09,,overt,,,ica,,,,
330,2.0593721866607666,0.03724336624145508,0.9666666666666666,0.9626060606060607,0.8571428571428571,0.7692307692307693,875,0.8486363636363636,wCBLE,A09,,overt,,,ica,,,,
331,4.30295205116272,0.034752607345581055,0.9000000000000001,0.9557142857142857,0.6666666666666666,0.7766990291262136,0.7931818181818182,0.8454761904761905,wCBLE,A09,,overt,,,ica,,,,
332,1.343423843383789,0.036901235580444336,0.8727272727272728,0.9663690476190476,0.15384615384615385,0.7755102040816326,0.5371212121212121,0.8326190476190476,wCBLE,A09,,overt,,,ica,,,,
333,2.151731014251709,0.03585648536682129,0.9409090909090909,0.9561904761904761,0.6363636363636364,0.8148148148148148,0.7848484848484849,0.8795238095238096,wCBLE,A09,,overt,,,ica,,,,
334,2.6263468265533447,0.036650657653808594,0.8863636363636364,0.966845238095238,0.6666666666666665,0.8224299065420562,0.7643939393939394,0.8811904761904762,wCBLE,A09,,overt,,,ica,,,,
335,2.0176186561584473,0.0366818904876709,0.7651515151515151,0.9573214285714285,0.4210526315789474,0.8269230769230769,0.6484848484848484,0.8755952380952381,wCBLE,A09,,overt,,,ica,,,,
336,0.09148645401000977,0.016973257064819336,0.9527777777777777,0.9863636363636363,0.5263157894736842,0.9056603773584905,0.6916666666666667,0.9313636363636364,tLDA,A09,,overt,,,ica,,,,
337,0.10248684883117676,0.018047571182250977,0.9090909090909091,0.9845833333333334,0.7000000000000001,0.897196261682243,0.8015151515151515,0.9235714285714285,tLDA,A09,,overt,,,ica,,,,
338,0.10448646545410156,0.017922163009643555,0.896969696969697,0.9885714285714287,0.5333333333333333,0.888888888888889,0.6818181818181819,0.9219047619047619,tLDA,A09,,overt,,,ica,,,,
339,0.09903335571289062,0.01744532585144043,0.9181818181818182,0.9879761904761906,0.4210526315789474,0.897196261682243,0.6484848484848484,0.9235714285714285,tLDA,A09,,overt,,,ica,,,,
340,0.10180282592773438,0.01728224754333496,0.9348484848484848,0.9844047619047619,0.5882352941176471,0.8727272727272727,0.7189393939393939,0.9185714285714286,tLDA,A09,,overt,,,ica,,,,
341,0.06405758857727051,0.009337425231933594,0.8363636363636364,0.9866666666666666,0.39999999999999997,0.8703703703703703,0.6280303030303029,0.9113095238095238,tLDA,A09,,overt,,,ica,,,,
342,2.480522394180298,0.03678250312805176,0.7636612021857924,0.9004904287296314,0.4,0.6607142857142858,0.64275956284153,0.7737172388335178,CBLE,A09,,covert,,,ica,,,,
343,1.69814133644104,0.03486061096191406,0.7172131147540984,0.9096661920582186,0.28571428571428575,0.6542056074766356,0.5758196721311475,0.7628276116648209,CBLE,A09,,covert,,,ica,,,,
344,4.095882892608643,0.036679744720458984,0.7256410256410256,0.9152958769493699,0.18181818181818185,0.7256637168141592,0.5185897435897435,0.8140888698995941,CBLE,A09,,covert,,,ica,,,,
345,1.3435585498809814,0.03508639335632324,0.6256410256410257,0.9288613544114506,0.2,0.6956521739130435,0.5352564102564102,0.8010574663533433,CBLE,A09,,covert,,,ica,,,,
346,1.7899384498596191,0.0378115177154541,0.7397435897435898,0.9103823969237342,0.3529411764705882,0.7142857142857142,0.607051282051282,0.8060243537705618,CBLE,A09,,covert,,,ica,,,,
347,2.6619760990142822,0.03660178184509277,0.7944444444444445,0.9072322085567118,0.43478260869565216,0.7049180327868851,0.6583333333333333,0.8147797750446757,CBLE,A09,,covert,,,ica,,,,
348,4.898626089096069,0.03571009635925293,0.7718579234972678,0.8942677846332332,0.4,0.6666666666666666,0.64275956284153,0.7707641196013288,wCBLE,A09,,covert,,,ica,,,,
349,4.285818338394165,0.0352475643157959,0.7472677595628415,0.9073458840900701,0.2608695652173913,0.6902654867256637,0.5594262295081966,0.79125138427464,wCBLE,A09,,covert,,,ica,,,,
350,3.245044231414795,0.035359859466552734,0.7423076923076923,0.9125186925870541,0.2,0.7017543859649122,0.5352564102564102,0.8027130954924162,wCBLE,A09,,covert,,,ica,,,,
351,4.476478099822998,0.03686690330505371,0.6717948717948719,0.9244285409100619,0.23529411764705882,0.7155963302752293,0.5602564102564103,0.8012710959196753,wCBLE,A09,,covert,,,ica,,,,
352,3.728283643722534,0.03470659255981445,0.8102564102564103,0.912785729544969,0.5555555555555556,0.7008547008547009,0.6923076923076923,0.8074663533433026,wCBLE,A09,,covert,,,ica,,,,
353,3.248616933822632,0.03751873970031738,0.7749999999999999,0.9092820351098497,0.3157894736842105,0.6782608695652174,0.5916666666666667,0.7880006307158625,wCBLE,A09,,covert,,,ica,,,,
354,0.08578038215637207,0.018043994903564453,0.6953551912568305,0.9668828771818805,0.3157894736842105,0.7863247863247863,0.5922131147540983,0.8517903285345145,tLDA,A09,,covert,,,ica,,,,
355,0.10257983207702637,0.01671433448791504,0.7540983606557377,0.966671940093867,0.4761904761904762,0.7927927927927927,0.6755464480874317,0.842561830933924,tLDA,A09,,covert,,,ica,,,,
356,0.127349853515625,0.019012451171875,0.6717948717948719,0.9722815637684256,0.2222222222222222,0.8214285714285714,0.551923076923077,0.8643452253791926,tLDA,A09,,covert,,,ica,,,,
357,0.11223769187927246,0.018717527389526367,0.573076923076923,0.978263191625721,0.0,0.8468468468468467,0.48333333333333334,0.8757209997863704,tLDA,A09,,covert,,,ica,,,,
358,0.11693024635314941,0.018159866333007812,0.7435897435897436,0.9701452681051057,0.13333333333333336,0.8,0.5301282051282051,0.8593783379619739,tLDA,A09,,covert,,,ica,,,,
359,0.11572694778442383,0.018821239471435547,0.8291666666666666,0.9656259854935352,0.47058823529411764,0.7719298245614035,0.6583333333333333,0.8376169452328392,tLDA,A09,,covert,,,ica,,,,
360,1.4324791431427002,0.03806471824645996,0.6387867647058824,0.8989583333333333,0.25,0.6533333333333333,0.5569852941176471,775,CBLE,A09,,split,,,ica,,,,
361,2.99564790725708,0.03919863700866699,0.8226102941176471,0.9030877976190477,0.5925925925925926,0.5777777777777778,0.7279411764705883,0.7199404761904762,CBLE,A09,,split,,,ica,,,,
362,1.6252424716949463,0.039125680923461914,0.6930970149253732,0.9018175074183976,0.2222222222222222,0.6808510638297871,0.5340485074626866,0.7807121661721068,CBLE,A09,,split,,,ica,,,,
363,1.8632946014404297,0.03645682334899902,0.6875,0.9109792284866469,0.47058823529411764,0.6382978723404255,0.6753731343283582,0.7575111275964392,CBLE,A09,,split,,,ica,,,,
364,3.154910087585449,0.040119171142578125,0.730410447761194,0.9001854599406528,0.3157894736842105,0.5203252032520326,0.59375,0.6836795252225519,CBLE,A09,,split,,,ica,,,,
365,1.7685856819152832,0.04056096076965332,0.8750,0.8885385756676558,0.2857142857142857,0.5984251968503936,0.5788246268656716,0.724146884272997,CBLE,A09,,split,,,ica,,,,
366,4.868973731994629,0.037764549255371094,0.703125,0.8938988095238095,0.25,0.6428571428571429,0.5569852941176471,0.7589285714285714,wCBLE,A09,,split,,,ica,,,,
367,3.919090747833252,0.03872323036193848,0.7977941176470588,0.8741815476190476,0.4800000000000001,0.6046511627906976,0.6654411764705883,0.7288690476190476,wCBLE,A09,,split,,,ica,,,,
368,4.171872138977051,0.04069399833679199,0.6623134328358209,0.8936943620178043,0.2222222222222222,0.5970149253731343,0.5340485074626866,0.7292284866468843,wCBLE,A09,,split,,,ica,,,,
369,5.261980295181274,0.03679776191711426,0.7052238805970149,0.9006305637982196,0.5333333333333333,0.6438356164383561,0.7052238805970149,0.7655600890207716,wCBLE,A09,,split,,,ica,,,,
370,5.170603513717651,0.03963160514831543,0.7611940298507462,0.8735163204747775,0.3,0.6093749999999999,0.5862873134328358,0.730396884272997,wCBLE,A09,,split,,,ica,,,,
371,4.168067455291748,0.040313720703125,0.8507462686567163,0.8770029673590505,0.43478260869565216,0.6165413533834586,0.6413246268656716,0.7384458456973293,wCBLE,A09,,split,,,ica,,,,
372,0.10822224617004395,0.01810598373413086,0.6930147058823529,0.9518973214285715,0.16,0.726027397260274,0.5110294117647058,0.8119047619047619,tLDA,A09,,split,,,ica,,,,
373,0.10045576095581055,0.018097639083862305,0.8235294117647058,0.9533482142857143,0.38461538461538464,0.7412587412587412,0.6194852941176471,0.8163690476190476,tLDA,A09,,split,,,ica,,,,
374,0.09952998161315918,0.01756739616394043,0.7061567164179104,0.9528189910979228,0.26086956521739124,0.75177304964539,0.5638992537313433,0.8193805637982196,tLDA,A09,,split,,,ica,,,,
375,0.09718751907348633,0.017798423767089844,0.6343283582089552,0.9644658753709199,0.3448275862068966,0.7638888888888888,0.5965485074626866,0.830396884272997,tLDA,A09,,split,,,ica,,,,
376,0.10331273078918457,0.017905235290527344,0.7201492537313432,0.9488872403560831,0.2727272727272727,0.7702702702702703,0.5713619402985075,0.8399295252225519,tLDA,A09,,split,,,ica,,,,
377,0.09854793548583984,0.018114566802978516,0.7966417910447761,0.9490727002967358,0.2,0.723404255319149,0.5475746268656716,0.8039132047477744,tLDA,A09,,split,,,ica,,,,
378,0.7411127090454102,0.07591819763183594,0.8232118758434548,0.9726435536294691,0.5384615384615384,0.8270676691729324,0.7165991902834008,0.9001895991332611,CBLE,A12,,overt,,,ica,,,,
379,0.6789820194244385,0.033905029296875,0.9176788124156545,0.9674972914409534,0.7199999999999999,0.8235294117647058,0.819838056680162,0.9043607800650054,CBLE,A12,,overt,,,ica,,,,
380,1.18379545211792,0.03339695930480957,0.9176788124156545,0.9645720476706392,0.6666666666666667,0.8148148148148148,0.8232118758434548,0.8966684723726976,CBLE,A12,,overt,,,ica,,,,
381,1.3092901706695557,0.037790536880493164,0.9838056680161943,0.9646803900325027,0.8,0.7794117647058824,0.8670715249662618,0.8760021668472373,CBLE,A12,,overt,,,ica,,,,
382,0.888636589050293,0.03511762619018555,0.9203778677462888,0.9630552546045503,0.7500000000000001,0.8148148148148148,0.8286099865047234,0.8966684723726976,CBLE,A12,,overt,,,ica,,,,
383,0.594097375869751,0.03636288642883301,0.8543956043956045,0.9686369770580298,0.4444444444444445,0.7969924812030074,0.6593406593406593,0.8813765182186235,CBLE,A12,,overt,,,ica,,,,
384,2.859955310821533,0.03600668907165527,0.8502024291497976,0.9804442036836403,0.5714285714285715,0.8549618320610687,0.7462887989203779,0.9131635969664139,wCBLE,A12,,overt,,,ica,,,,
385,2.577582597732544,0.035280466079711914,0.9352226720647774,0.980281690140845,0.7692307692307693,0.8633093525179857,0.8582995951417004,0.9368905742145179,wCBLE,A12,,overt,,,ica,,,,
386,2.8149094581604004,0.03455066680908203,0.9338731443994601,0.9733477789815818,0.7692307692307693,0.835820895522388,0.8582995951417004,0.9078819068255688,wCBLE,A12,,overt,,,ica,,,,
387,3.5098819732666016,0.033258676528930664,0.9959514170040487,0.9751895991332611,0.9230769230769231,0.7936507936507937,0.9527665317139001,0.8652491874322861,wCBLE,A12,,overt,,,ica,,,,
388,2.786020517349243,0.03426074981689453,0.9325236167341431,0.9780065005417119,0.6666666666666667,0.883720930232558,0.7604588394062077,0.9261375947995667,wCBLE,A12,,overt,,,ica,,,,
389,1.9198362827301025,0.03890371322631836,0.8956043956043956,0.974089068825911,0.5833333333333334,0.8527131782945736,0.7335164835164836,0.9072874493927126,wCBLE,A12,,overt,,,ica,,,,
390,0.08684182167053223,0.017303943634033203,0.844804318488529,0.9915492957746479,0.6363636363636364,0.8524590163934427,0.7516869095816464,0.8911971830985916,tLDA,A12,,overt,,,ica,,,,
391,0.07734346389770508,0.01787590980529785,0.9136302294197032,0.9932827735644637,0.7199999999999999,0.8666666666666666,0.819838056680162,0.8947183098591549,tLDA,A12,,overt,,,ica,,,,
392,0.10623431205749512,0.019336700439453125,0.9014844804318489,0.9894366197183099,0.6,0.8852459016393444,0.7219973009446694,0.9101029252437703,tLDA,A12,,overt,,,ica,,,,
393,0.10738492012023926,0.01810908317565918,0.9325236167341431,0.9926868905742146,0.7272727272727274,0.903225806451613,0.7989203778677463,0.9254875406283858,tLDA,A12,,overt,,,ica,,,,
394,0.11257719993591309,0.018941164016723633,0.9068825910931174,0.9942036836403033,0.6,0.894308943089431,0.7219973009446694,0.917795232936078,tLDA,A12,,overt,,,ica,,,,
395,0.10612678527832031,0.018319368362426758,0.9120879120879122,0.9915789473684211,0.7199999999999999,0.8739495798319328,0.8193681318681318,0.8964912280701754,tLDA,A12,,overt,,,ica,,,,
396,1.2803945541381836,0.03409242630004883,0.8450292397660819,0.9687873000716161,0.5833333333333334,0.859504132231405,0.7478070175438596,0.9230723322988781,CBLE,A12,,covert,,,ica,,,,
397,1.2746078968048096,0.035971641540527344,0.945906432748538,0.9549415134877058,0.7199999999999999,0.8032786885245902,0.8399122807017544,0.8906063499641919,CBLE,A12,,covert,,,ica,,,,
398,1.2497565746307373,0.03384518623352051,0.8669590643274854,0.9594772021962282,0.4761904761904762,0.8141592920353983,0.6732456140350878,0.8757460014323228,CBLE,A12,,covert,,,ica,,,,
399,1.0934922695159912,0.03401017189025879,0.922514619883041,0.9565528765815231,0.8571428571428571,0.7964601769911505,875,0.8655108617808547,CBLE,A12,,covert,,,ica,,,,
400,0.8896007537841797,0.03328585624694824,0.8080357142857143,0.968302111210229,0.5217391304347826,0.8468468468468469,0.7053571428571428,0.8895331549212013,CBLE,A12,,covert,,,ica,,,,
401,1.3316197395324707,0.03624892234802246,0.9840510366826156,0.9492957746478873,0.8571428571428572,0.7964601769911505,0.9003189792663477,0.8609154929577465,CBLE,A12,,covert,,,ica,,,,
402,3.846130847930908,0.033223867416381836,0.8128654970760234,0.9594175220816424,0.5714285714285715,0.8035714285714285,0.7236842105263157,0.8672714251611363,wCBLE,A12,,covert,,,ica,,,,
403,3.861865758895874,0.03426194190979004,0.9751461988304093,0.9443781332060157,0.8,0.8,0.8903508771929824,0.8605574122702315,wCBLE,A12,,covert,,,ica,,,,
404,2.9921071529388428,0.03329753875732422,0.8801169590643275,0.9601336834566723,0.5,0.890909090909091,0.6973684210526316,0.9117331105275722,wCBLE,A12,,covert,,,ica,,,,
405,3.3378050327301025,0.03632831573486328,0.9239766081871345,0.9564931964669372,0.8571428571428571,0.7818181818181819,875,0.8503222726187634,wCBLE,A12,,covert,,,ica,,,,
406,3.2275168895721436,0.03411698341369629,0.855654761904762,0.9615819209039548,0.7000000000000001,0.8245614035087718,0.7827380952380952,0.8842699970264645,wCBLE,A12,,covert,,,ica,,,,
407,3.4578731060028076,0.037267446517944336,0.9521531100478469,0.9386150234741782,0.8571428571428572,0.8035714285714286,0.9003189792663477,0.8626760563380282,wCBLE,A12,,covert,,,ica,,,,
408,0.059372663497924805,0.009319067001342773,0.780701754385965,0.9817975650513249,0.47058823529411764,0.8571428571428572,0.6578947368421052,0.8979768441155407,tLDA,A12,,covert,,,ica,,,,
409,0.08942580223083496,0.017884254455566406,0.9122807017543859,0.9708164239675341,0.631578947368421,0.8440366972477064,0.7412280701754386,0.8827882549534496,tLDA,A12,,covert,,,ica,,,,
410,0.09993410110473633,0.018880844116210938,0.827485380116959,0.9730245882072093,0.5,0.8672566371681415,0.6820175438596491,0.9064514203867271,tLDA,A12,,covert,,,ica,,,,
411,0.09419369697570801,0.017633914947509766,0.8669590643274854,0.9739794700405825,0.631578947368421,0.8392857142857143,0.7412280701754386,0.8877417044640725,tLDA,A12,,covert,,,ica,,,,
412,0.062005043029785156,0.009244680404663086,0.7247023809523809,0.9727624145108534,0.4444444444444444,0.8256880733944953,0.6488095238095238,0.8725840023788284,tLDA,A12,,covert,,,ica,,,,
413,0.09942269325256348,0.018361330032348633,0.9218500797448166,0.9672535211267606,0.6,0.8571428571428571,0.7464114832535884,0.8929577464788733,tLDA,A12,,covert,,,ica,,,,
414,1.1223905086517334,0.039821624755859375,0.9663265306122448,0.9644990185022763,0.8461538461538461,0.8208955223880597,0.8857142857142857,0.8841415027356638,CBLE,A12,,split,,,ica,,,,
415,1.7913718223571777,0.036475181579589844,0.860204081632653,0.9710980244747943,0.5714285714285714,0.8421052631578948,0.7428571428571429,0.8942697239276616,CBLE,A12,,split,,,ica,,,,
416,0.8278770446777344,0.0816354751586914,0.9406593406593406,0.9652120214079869,0.6363636363636364,0.857142857142857,0.7549450549450549,0.8984973240016467,CBLE,A12,,split,,,ica,,,,
417,1.5092980861663818,0.03798675537109375,0.9668737060041408,0.9641429285357321,0.8,0.8444444444444444,0.849896480331263,0.900112443778111,CBLE,A12,,split,,,ica,,,,
418,0.7668468952178955,0.0370786190032959,0.8664596273291926,0.9790937864401132,0.5384615384615384,0.8805970149253731,0.713768115942029,0.9189155422288855,CBLE,A12,,split,,,ica,,,,
419,0.928870439529419,0.04055166244506836,0.9109730848861284,0.969431950691321,0.7586206896551724,0.8444444444444444,0.8638716356107661,0.900112443778111,CBLE,A12,,split,,,ica,,,,
420,4.637902498245239,0.03683948516845703,0.9642857142857143,0.9669214384162386,0.7857142857142857,0.8721804511278196,0.8714285714285714,0.9116443219312533,wCBLE,A12,,split,,,ica,,,,
421,3.985567092895508,0.0374453067779541,0.8969387755102041,0.9712650879171366,0.6666666666666666,0.8372093023255814,0.7928571428571429,0.8826588146848766,wCBLE,A12,,split,,,ica,,,,
422,4.643991231918335,0.04052925109863281,0.9560439560439561,0.9700288184438041,0.6,0.8382352941176471,0.7236263736263737,0.8941745574310416,wCBLE,A12,,split,,,ica,,,,
423,4.331940412521362,0.03801226615905762,0.9875776397515528,0.9674329501915708,0.8571428571428571,0.832116788321168,0.9140786749482401,0.8972388805597201,wCBLE,A12,,split,,,ica,,,,
424,3.020785331726074,0.04297351837158203,0.8778467908902692,0.9857154755955356,0.64,0.8805970149253731,0.7639751552795031,0.9189155422288855,wCBLE,A12,,split,,,ica,,,,
425,4.674294710159302,0.03941535949707031,0.9223602484472049,0.9751790771281026,0.8461538461538461,0.835820895522388,0.8856107660455487,0.8928660669665167,wCBLE,A12,,split,,,ica,,,,
426,0.09475088119506836,0.01763916015625,0.9724489795918367,0.9789917721254647,0.782608695652174,0.859375,0.8214285714285714,0.8927870358768742,tLDA,A12,,split,,,ica,,,,
427,0.09136176109313965,0.01831817626953125,0.8959183673469387,0.9873867101031617,0.7142857142857143,0.8818897637795277,0.8285714285714285,0.9029152570688719,tLDA,A12,,split,,,ica,,,,
428,0.0982518196105957,0.016152620315551758,0.967032967032967,0.9838205022643064,0.7272727272727274,0.8769230769230769,0.8005494505494506,0.9028200905722519,tLDA,A12,,split,,,ica,,,,
429,0.11196327209472656,0.01988053321838379,0.9658385093167703,0.9805097451274363,0.782608695652174,0.8749999999999999,0.8214285714285714,0.9014867566216892,tLDA,A12,,split,,,ica,,,,
430,0.09886550903320312,0.015582084655761719,0.8271221532091096,0.9950857904381143,0.4,0.887218045112782,0.6283643892339544,0.920352323838081,tLDA,A12,,split,,,ica,,,,
431,0.08215951919555664,0.009793758392333984,0.9151138716356108,0.9832167249708479,0.6363636363636364,0.8939393939393939,0.7427536231884058,0.9217891054472764,tLDA,A12,,split,,,ica,,,,
432,0.7389583587646484,0.035129547119140625,0.9333333333333335,0.9709809964047251,0.6896551724137931,832,0.8346153846153846,0.8820749871597329,CBLE,A13,,overt,,,ica,,,,
433,1.4376499652862549,0.034036874771118164,0.8958837772397095,0.9777027027027028,0.6086956521739131,0.8640000000000001,0.7330508474576272,0.9052494802494803,CBLE,A13,,overt,,,ica,,,,
434,1.4518935680389404,0.034593820571899414,0.9165580182529335,0.9685708435708437,0.7500000000000001,0.8292682926829269,0.8292046936114732,0.8762285012285012,CBLE,A13,,overt,,,ica,,,,
435,0.8722848892211914,0.036988019943237305,0.9048239895697523,0.9768632268632269,0.5714285714285714,0.8571428571428572,0.7138200782268579,0.898955773955774,CBLE,A13,,overt,,,ica,,,,
436,1.5881273746490479,0.03966188430786133,0.9452411994784875,0.9682637182637182,0.8,0.8688524590163934,0.8676662320730117,0.896447583947584,CBLE,A13,,overt,,,ica,,,,
437,0.7927863597869873,0.035686492919921875,0.8813559322033898,0.9814701064701064,0.7500000000000001,0.8769230769230768,0.8292046936114732,0.9199938574938575,CBLE,A13,,overt,,,ica,,,,
438,2.3187055587768555,0.03487515449523926,0.958974358974359,0.9746276322547509,0.6896551724137931,0.8346456692913385,0.8346153846153846,0.8879558294812532,wCBLE,A13,,overt,,,ica,,,,
439,2.0952789783477783,0.034976959228515625,0.9079903147699757,0.9803534303534304,0.5454545454545454,0.8640000000000001,0.6973365617433414,0.9052494802494803,wCBLE,A13,,overt,,,ica,,,,
440,2.3920204639434814,0.03764677047729492,0.941329856584094,0.9758906633906633,0.7500000000000001,0.8253968253968254,0.8292046936114732,0.8804258804258804,wCBLE,A13,,overt,,,ica,,,,
441,2.329742670059204,0.034972429275512695,0.9126466753585398,0.9841318591318592,0.64,0.8818897637795275,0.7737940026075619,0.9157964782964783,wCBLE,A13,,overt,,,ica,,,,
442,2.458543062210083,0.037308454513549805,0.9491525423728813,0.9748669123669124,0.7692307692307693,0.8571428571428572,0.8591916558018253,0.898955773955774,wCBLE,A13,,overt,,,ica,,,,
443,1.604567289352417,0.03843879699707031,0.894393741851369,0.9833128583128583,0.6666666666666667,0.8805970149253731,0.7822685788787485,0.9317669942669943,wCBLE,A13,,overt,,,ica,,,,
444,0.09615254402160645,0.020605087280273438,0.962820512820513,0.9952747817154597,0.8148148148148148,0.923076923076923,0.898076923076923,0.9477657935285053,tLDA,A13,,overt,,,ica,,,,
445,0.09348583221435547,0.017902374267578125,0.9261501210653753,0.991943866943867,0.6666666666666666,0.9291338582677167,0.7687651331719128,0.9487785862785862,tLDA,A13,,overt,,,ica,,,,
446,0.08017420768737793,0.009710550308227539,0.984354628422425,0.9903255528255528,0.7826086956521738,0.9465648854961831,0.8376792698826597,0.9646294021294022,tLDA,A13,,overt,,,ica,,,,
447,0.09236621856689453,0.01807093620300293,0.9804432855280313,0.9945741195741196,0.8799999999999999,0.9291338582677166,0.9146023468057367,0.9435913185913185,tLDA,A13,,overt,,,ica,,,,
448,0.0966339111328125,0.01749897003173828,0.9791395045632334,0.9904791154791155,0.8799999999999999,0.9384615384615383,0.9146023468057367,0.9570536445536446,tLDA,A13,,overt,,,ica,,,,
449,0.10601949691772461,0.019170522689819336,0.9009126466753585,0.9980548730548731,0.5217391304347826,0.9767441860465117,0.6968709256844849,0.9772727272727273,tLDA,A13,,overt,,,ica,,,,
450,0.9413540363311768,0.03627729415893555,0.7909604519774012,0.9449444769140853,0.43478260869565216,0.7407407407407408,0.6574858757062148,0.8278784336645237,CBLE,A13,,covert,,,ica,,,,
451,1.8170065879821777,0.0337529182434082,0.8615819209039548,0.9541788427819988,0.5714285714285715,0.8141592920353982,0.7655367231638418,0.8812974868497955,CBLE,A13,,covert,,,ica,,,,
452,1.332052230834961,0.033573150634765625,0.9265536723163842,0.9427819988310928,0.6086956521739131,0.7222222222222223,0.7577683615819208,0.817562828755114,CBLE,A13,,covert,,,ica,,,,
453,0.9285297393798828,0.03456568717956543,0.7457627118644068,0.9527177089421391,0.23529411764705882,0.7433628318584072,0.557909604519774,0.8400350672121566,CBLE,A13,,covert,,,ica,,,,
454,1.356834888458252,0.03515052795410156,0.8674884437596302,0.9493823613904051,0.47619047619047616,0.7256637168141593,0.6848998459167951,0.8254237288135593,CBLE,A13,,covert,,,ica,,,,
455,0.8192348480224609,0.034394025802612305,0.6332819722650231,0.9416259695489801,0.14285714285714288,0.7433628318584071,0.5285053929121726,0.8355932203389831,CBLE,A13,,covert,,,ica,,,,
456,3.592378616333008,0.03513455390930176,0.8234463276836158,0.9378141437755698,0.43478260869565216,0.7850467289719627,0.6574858757062148,0.8502045587375804,wCBLE,A13,,covert,,,ica,,,,
457,4.626609802246094,0.033707618713378906,0.8912429378531074,0.9312098188194039,0.6428571428571429,0.7027027027027026,0.8156779661016949,0.8124780829924021,wCBLE,A13,,covert,,,ica,,,,
458,3.913982629776001,0.037491559982299805,0.9336158192090396,0.9322618351841029,0.5714285714285715,0.7222222222222223,0.7245762711864407,0.817562828755114,wCBLE,A13,,covert,,,ica,,,,
459,4.1460161209106445,0.03649592399597168,0.7259887005649718,0.9464640561075395,0.2105263157894737,0.7321428571428572,0.5409604519774012,0.8314143775569842,wCBLE,A13,,covert,,,ica,,,,
460,3.8067147731781006,0.035115957260131836,0.8397534668721109,0.9528871014076414,0.5,0.7706422018348624,0.6933744221879815,0.8423728813559321,wCBLE,A13,,covert,,,ica,,,,
461,3.2728304862976074,0.037358999252319336,0.6810477657935285,0.9481758115484057,0.37499999999999994,0.7706422018348624,0.6194144838212634,0.8423728813559321,wCBLE,A13,,covert,,,ica,,,,
462,0.09230518341064453,0.018144607543945312,0.7302259887005649,0.9799532437171244,0.35294117647058826,0.8411214953271028,0.6080508474576272,0.8811513734658094,tLDA,A13,,covert,,,ica,,,,
463,0.09203052520751953,0.017575740814208984,0.7966101694915255,0.9826417299824663,0.6363636363636365,0.8598130841121495,0.7662429378531074,0.8914669783752192,tLDA,A13,,covert,,,ica,,,,
464,0.09252810478210449,0.017653226852416992,0.8714689265536724,0.9803039158386908,0.631578947368421,0.7961165048543689,0.7415254237288136,0.8466686148451198,tLDA,A13,,covert,,,ica,,,,
465,0.08935999870300293,0.017055988311767578,0.7231638418079096,0.9753945061367622,0.15384615384615385,0.7692307692307693,0.5416666666666666,0.8346580946814728,tLDA,A13,,covert,,,ica,,,,
466,0.0951988697052002,0.017650127410888672,0.8320493066255779,0.9780522838264867,0.3529411764705882,0.8440366972477064,0.610939907550077,0.8830508474576271,tLDA,A13,,covert,,,ica,,,,
467,0.09684062004089355,0.017888784408569336,0.6795069337442219,0.9778799195633439,0.0,0.7706422018348624,0.4830508474576271,0.8423728813559321,tLDA,A13,,covert,,,ica,,,,
468,1.9368042945861816,0.036893606185913086,0.8782608695652174,0.9256695992179863,0.5925925925925926,0.7101449275362319,0.7376811594202899,0.80613880742913,CBLE,A13,,split,,,ica,,,,
469,2.6536314487457275,0.040592193603515625,0.9285024154589372,0.9339589442815249,0.6470588235294117,0.6917293233082706,0.808695652173913,0.7890713587487781,CBLE,A13,,split,,,ica,,,,
470,2.254396915435791,0.03739118576049805,0.8549019607843137,0.9305653021442495,0.5217391304347827,0.7210884353741497,0.6852941176470588,0.8255555555555556,CBLE,A13,,split,,,ica,,,,
471,1.0787544250488281,0.03777933120727539,0.8852941176470588,0.9415594541910332,0.7333333333333333,0.736111111111111,0.8372549019607842,0.8299415204678362,CBLE,A13,,split,,,ica,,,,
472,2.4911391735076904,0.03709125518798828,0.7990196078431373,0.9425341130604288,0.5,0.7480916030534351,0.6892156862745098,0.8164327485380116,CBLE,A13,,split,,,ica,,,,
473,2.5312585830688477,0.03767085075378418,0.7215686274509804,0.9558674463937622,0.3846153846153846,0.7724137931034483,0.6225490196078431,0.8528654970760234,CBLE,A13,,split,,,ica,,,,
474,4.898028612136841,0.04101896286010742,0.8743961352657006,0.9248093841642229,0.6923076923076923,0.7175572519083969,0.7855072463768116,0.8001368523949169,wCBLE,A13,,split,,,ica,,,,
475,7.919009208679199,0.037961721420288086,0.9333333333333333,0.9206647116324534,0.6666666666666666,0.7086614173228346,0.8159420289855073,0.7897360703812317,wCBLE,A13,,split,,,ica,,,,
476,4.753498554229736,0.041402339935302734,0.8735294117647059,0.9194541910331384,0.5217391304347827,0.7575757575757576,0.6852941176470588,0.8230994152046783,wCBLE,A13,,split,,,ica,,,,
477,5.274600028991699,0.0399622917175293,0.8686274509803922,0.9240155945419104,0.7407407407407408,0.7299270072992701,0.8186274509803921,0.8157894736842105,wCBLE,A13,,split,,,ica,,,,
478,4.648144721984863,0.04111838340759277,0.7607843137254902,0.932514619883041,0.4,0.7611940298507464,0.6299019607843137,0.8283040935672514,wCBLE,A13,,split,,,ica,,,,
479,4.596036434173584,0.04157304763793945,0.7215686274509804,0.9431189083820662,0.3703703703703704,0.7375886524822695,0.6151960784313726,0.8261988304093567,wCBLE,A13,,split,,,ica,,,,
480,0.13535571098327637,0.021242380142211914,0.8734299516908213,0.9730596285434995,0.6666666666666667,0.8345323741007193,0.7594202898550725,0.8778690127077224,tLDA,A13,,split,,,ica,,,,
481,0.11302876472473145,0.018920183181762695,0.9033816425120773,0.9712609970674486,0.56,0.8148148148148148,0.7115942028985507,0.8593352883675465,tLDA,A13,,split,,,ica,,,,
482,0.1271357536315918,0.017965316772460938,0.8186274509803921,0.9762962962962963,0.5217391304347827,0.8115942028985508,0.6852941176470588,0.8630994152046784,tLDA,A13,,split,,,ica,,,,
483,0.13093090057373047,0.018073558807373047,0.865686274509804,0.9746588693957114,0.6923076923076923,0.8405797101449275,0.7852941176470588,0.8793567251461989,tLDA,A13,,split,,,ica,,,,
484,0.1292867660522461,0.01833510398864746,0.7784313725490196,0.9770760233918129,0.4,0.8333333333333333,0.6259803921568627,0.8637426900584795,tLDA,A13,,split,,,ica,,,,
485,0.11661314964294434,0.018742799758911133,0.6705882352941177,0.9785964912280701,0.2105263157894737,0.8059701492537312,0.5519607843137255,0.8526900584795322,tLDA,A13,,split,,,ica,,,,
486,0.8904750347137451,0.04415559768676758,0.8673913043478261,0.9476548328582534,625,0.8043478260869564,0.7391304347826086,0.853934525351991,CBLE,A14,,overt,,,ica,,,,
487,1.1619675159454346,0.03808856010437012,0.9586956521739131,0.9550833549278742,0.8181818181818182,0.7741935483870968,0.9173913043478261,0.8397253174397512,CBLE,A14,,overt,,,ica,,,,
488,2.0932843685150146,0.030196189880371094,0.8391304347826087,0.9678673231407101,0.5,0.8571428571428571,0.6782608695652175,0.9007514900233221,CBLE,A14,,overt,,,ica,,,,
489,1.0661389827728271,0.03340959548950195,0.9111111111111111,0.9526315789473684,0.8571428571428572,0.8260869565217391,0.897979797979798,0.8712280701754386,CBLE,A14,,overt,,,ica,,,,
490,0.6978938579559326,0.03081345558166504,0.8288888888888889,0.9548503611971104,0.6666666666666666,0.8333333333333334,0.8055555555555556,0.8811919504643964,CBLE,A14,,overt,,,ica,,,,
491,0.6462976932525635,0.03151869773864746,0.8111111111111111,0.9605263157894738,0.4444444444444445,0.8316831683168315,0.6555555555555556,0.8942208462332302,CBLE,A14,,overt,,,ica,,,,
492,1.7878246307373047,0.039791107177734375,0.9,0.9398807981342316,0.6666666666666666,0.8085106382978724,0.75,0.8615358037488123,wCBLE,A14,,overt,,,ica,,,,
493,2.340510129928589,0.03407454490661621,0.9630434782608696,0.9480003455126544,0.75,0.7959183673469387,0.8956521739130434,0.8647317958020212,wCBLE,A14,,overt,,,ica,,,,
494,3.5239131450653076,0.03186345100402832,0.8434782608695652,0.9716679623391207,0.5,0.7916666666666666,0.6782608695652175,0.8571305174052,wCBLE,A14,,overt,,,ica,,,,
495,2.512460470199585,0.03343486785888672,0.903030303030303,0.9542982456140351,0.7368421052631579,0.8260869565217391,0.807070707070707,0.8712280701754386,wCBLE,A14,,overt,,,ica,,,,
496,3.100158452987671,0.03136849403381348,0.8377777777777778,0.9532163742690059,0.7368421052631577,0.8210526315789474,0.8277777777777777,0.8713880288957688,wCBLE,A14,,overt,,,ica,,,,
497,2.7369179725646973,0.030765533447265625,0.7866666666666666,0.9606123151014793,0.4444444444444445,0.7961165048543688,0.6555555555555556,0.8778379772961816,wCBLE,A14,,overt,,,ica,,,,
498,0.09899044036865234,0.01769566535949707,0.9456521739130435,0.9890299732227692,0.7058823529411764,0.9375,0.7891304347826087,0.9411764705882353,tLDA,A14,,overt,,,ica,,,,
499,0.08630847930908203,0.016979694366455078,0.9608695652173913,0.991794074457977,0.8421052631578948,0.9052631578947369,0.8891304347826088,0.9193659842791742,tLDA,A14,,overt,,,ica,,,,
500,0.08362865447998047,0.016968727111816406,0.7978260869565218,0.9945581756931848,0.588235294117647,0.9278350515463919,0.7282608695652174,0.9389738274164291,tLDA,A14,,overt,,,ica,,,,
501,0.08284473419189453,0.01690983772277832,0.8949494949494948,0.9926315789473685,625,0.924731182795699,0.7272727272727273,0.9299999999999999,tLDA,A14,,overt,,,ica,,,,
502,0.08760309219360352,0.017098188400268555,0.9266666666666667,0.9883040935672516,0.7058823529411764,0.8936170212765957,0.7888888888888889,0.9095717234262126,tLDA,A14,,overt,,,ica,,,,
503,0.08741545677185059,0.01729416847229004,0.8911111111111111,0.9916580667354661,0.6666666666666666,0.9166666666666665,0.75,0.9291795665634675,tLDA,A14,,overt,,,ica,,,,
504,1.38067626953125,0.032866716384887695,0.5836363636363636,0.9481285913961796,0.28571428571428564,0.7857142857142857,0.5772727272727273,0.8437645597142414,CBLE,A14,,covert,,,ica,,,,
505,0.9400880336761475,0.03275704383850098,0.8109090909090909,0.9200186364342289,0.4444444444444445,0.7317073170731707,0.6636363636363636,0.8100248485789718,CBLE,A14,,covert,,,ica,,,,
506,1.4854581356048584,0.03133225440979004,0.5858585858585859,0.9241940389294404,0.1818181818181818,0.6976744186046512,0.5464646464646464,0.7979014598540146,CBLE,A14,,covert,,,ica,,,,
507,1.7311217784881592,0.03145122528076172,0.7717171717171716,0.9203923357664234,0.14285714285714285,0.7126436781609194,0.5191919191919192,0.8083181265206814,CBLE,A14,,covert,,,ica,,,,
508,2.090644598007202,0.03464865684509277,0.7919191919191919,0.9133211678832117,0.3636363636363636,0.5352112676056338,0.6111111111111112,0.6906173965936739,CBLE,A14,,covert,,,ica,,,,
509,0.9588828086853027,0.032797813415527344,0.7,0.9005802707930368,0.30769230769230765,0.7088607594936708,0.5907407407407408,0.7905996131528046,CBLE,A14,,covert,,,ica,,,,
510,3.2073538303375244,0.035974740982055664,0.5581818181818181,0.9435471346482374,0.0,0.7380952380952381,0.4090909090909091,0.8188383289330641,wCBLE,A14,,covert,,,ica,,,,
511,3.8993046283721924,0.04895520210266113,0.7527272727272727,0.9060413107625407,0.37499999999999994,0.7160493827160493,0.6227272727272727,0.7993865507066314,wCBLE,A14,,covert,,,ica,,,,
512,4.6707844734191895,0.032928466796875,0.6121212121212122,0.9447232360097324,0.0,0.7111111111111111,0.5,0.8150851581508516,wCBLE,A14,,covert,,,ica,,,,
513,3.626215696334839,0.03408408164978027,0.7919191919191919,0.9121806569343066,0.30769230769230765,0.7073170731707317,0.5929292929292929,0.7929592457420924,wCBLE,A14,,covert,,,ica,,,,
514,3.832798480987549,0.03257155418395996,0.8484848484848484,0.9263229927007299,0.6666666666666667,0.617283950617284,0.7686868686868686,0.7458181265206814,wCBLE,A14,,covert,,,ica,,,,
515,6.411890029907227,0.03205132484436035,0.8462962962962963,0.9081624758220502,0.4615384615384615,0.7250000000000001,0.65,0.8012379110251451,wCBLE,A14,,covert,,,ica,,,,
516,0.08695220947265625,0.017336368560791016,0.5836363636363635,0.9917689082155614,0.15384615384615383,0.8470588235294116,0.5318181818181819,0.8793290883677589,tLDA,A14,,covert,,,ica,,,,
517,0.08916449546813965,0.017204999923706055,0.7709090909090909,0.9805093958689237,0.28571428571428575,0.8372093023255814,0.5818181818181818,0.8775042708495108,tLDA,A14,,covert,,,ica,,,,
518,0.09734463691711426,0.017342567443847656,0.47070707070707074,0.9828163017031629,0.0,0.8089887640449439,0.5,0.8658759124087592,tLDA,A14,,covert,,,ica,,,,
519,0.0713343620300293,0.009974956512451172,0.6707070707070706,0.9869981751824817,0.15384615384615383,0.840909090909091,0.5282828282828282,0.8799422141119222,tLDA,A14,,covert,,,ica,,,,
520,0.10365414619445801,0.017261981964111328,0.7696969696969697,0.986161800486618,0.30769230769230765,0.840909090909091,0.5929292929292929,0.8799422141119222,tLDA,A14,,covert,,,ica,,,,
521,0.06564617156982422,0.009647369384765625,0.6796296296296296,0.9815087040618956,0.18181818181818182,0.8604651162790696,0.55,0.889980657640232,tLDA,A14,,covert,,,ica,,,,
522,3.8926937580108643,0.0401606559753418,0.5135427952329361,0.8996536796536796,0.1111111111111111,0.5656565656565657,0.5102925243770314,0.704978354978355,CBLE,A14,,split,,,ica,,,,
523,3.8417751789093018,0.040993452072143555,0.5918367346938775,0.9073854920008766,125,0.4494382022471911,0.5285714285714286,0.6481481481481481,CBLE,A14,,split,,,ica,,,,
524,3.9559848308563232,0.040503740310668945,0.6813186813186813,0.901061901061901,0.11764705882352941,0.45454545454545453,0.5170329670329671,0.6486661486661487,CBLE,A14,,split,,,ica,,,,
525,4.270303249359131,0.03650784492492676,0.6483516483516484,0.8939825606492272,0.13333333333333336,0.3170731707317073,0.5313186813186813,0.5942113442113443,CBLE,A14,,split,,,ica,,,,
526,3.951012134552002,0.040979862213134766,0.6505494505494506,0.8966157299490632,0.13333333333333336,0.5052631578947369,0.5313186813186813,0.6746956746956747,CBLE,A14,,split,,,ica,,,,
527,6.077430009841919,0.03996109962463379,0.5274725274725275,0.8899680566347232,0.13333333333333336,0.47916666666666674,0.5313186813186813,0.6642709142709142,CBLE,A14,,split,,,ica,,,,
528,5.992582321166992,0.04108786582946777,0.5828819068255688,0.8854112554112554,0.1,0.5576923076923077,0.49620801733477793,0.7068398268398268,wCBLE,A14,,split,,,ica,,,,
529,5.247038125991821,0.0373377799987793,0.6520408163265305,0.8784571553802324,0.4210526315789473,0.4347826086956522,0.6357142857142857,0.6438746438746439,wCBLE,A14,,split,,,ica,,,,
530,7.278036832809448,0.0372774600982666,0.6560439560439562,0.8567296900630234,0.2,0.510204081632653,0.5412087912087913,0.6794224294224294,wCBLE,A14,,split,,,ica,,,,
531,4.6317784786224365,0.03859758377075195,0.6417582417582418,0.8660105326771993,0.21052631578947367,0.5436893203883495,0.5483516483516484,0.6993006993006993,wCBLE,A14,,split,,,ica,,,,
532,5.000910997390747,0.03673267364501953,0.6450549450549451,0.8518086851420185,0.0,0.4680851063829786,0.4857142857142857,0.6581196581196581,wCBLE,A14,,split,,,ica,,,,
533,6.674361705780029,0.03786826133728027,0.5868131868131868,0.868255201588535,0.1111111111111111,0.5544554455445544,0.5098901098901099,0.7021497021497022,wCBLE,A14,,split,,,ica,,,,
534,0.10982131958007812,0.017504215240478516,0.5774647887323944,0.9841125541125542,0.23529411764705882,0.8403361344537815,0.5628385698808234,0.8745021645021644,tLDA,A14,,split,,,ica,,,,
535,0.11420798301696777,0.01764845848083496,0.6714285714285714,0.975980714442253,0.21052631578947364,0.8305084745762712,0.55,0.8712250712250712,tLDA,A14,,split,,,ica,,,,
536,0.11213898658752441,0.017848491668701172,0.6945054945054945,0.9821289821289821,0.21052631578947367,0.8070175438596493,0.5483516483516484,0.8456358456358457,tLDA,A14,,split,,,ica,,,,
537,0.10483980178833008,0.018267154693603516,0.7615384615384616,0.9727618060951395,0.3529411764705882,0.7543859649122807,0.6082417582417583,0.8186350686350686,tLDA,A14,,split,,,ica,,,,
538,0.0811154842376709,0.010769367218017578,0.6802197802197802,0.9677976344643011,0.0,0.7894736842105263,0.4785714285714286,0.8366355866355866,tLDA,A14,,split,,,ica,,,,
539,0.10000467300415039,0.018735408782958984,0.5472527472527472,0.978675645342312,0.33333333333333337,0.8474576271186441,0.6010989010989011,0.875938875938876,tLDA,A14,,split,,,ica,,,,
